2025-11-16 16:54:54.048 [main] INFO  com.itheima.TliasWebManagementApplication-Starting TliasWebManagementApplication using Java 17.0.17 with PID 93174 (/Users/ykw/Documents/WebApp/IdeaProj/1st-springboot-project/tlias-web-management/target/classes started by ykw in /Users/ykw/Documents/WebApp/IdeaProj/1st-springboot-project)
2025-11-16 16:54:54.049 [main] INFO  com.itheima.TliasWebManagementApplication-No active profile set, falling back to 1 default profile: "default"
2025-11-16 16:54:54.987 [main] INFO  o.s.boot.web.embedded.tomcat.TomcatWebServer-Tomcat initialized with port 8080 (http)
2025-11-16 16:54:54.993 [main] INFO  org.apache.coyote.http11.Http11NioProtocol-Initializing ProtocolHandler ["http-nio-8080"]
2025-11-16 16:54:54.993 [main] INFO  org.apache.catalina.core.StandardService-Starting service [Tomcat]
2025-11-16 16:54:54.993 [main] INFO  org.apache.catalina.core.StandardEngine-Starting Servlet engine: [Apache Tomcat/10.1.48]
2025-11-16 16:54:55.017 [main] INFO  o.a.c.core.ContainerBase.[Tomcat].[localhost].[/]-Initializing Spring embedded WebApplicationContext
2025-11-16 16:54:55.017 [main] INFO  o.s.b.w.s.c.ServletWebServerApplicationContext-Root WebApplicationContext: initialization completed in 943 ms
2025-11-16 16:54:55.768 [main] INFO  o.s.b.actuate.endpoint.web.EndpointLinksResolver-Exposing 1 endpoint beneath base path '/actuator'
2025-11-16 16:54:55.799 [main] INFO  org.apache.coyote.http11.Http11NioProtocol-Starting ProtocolHandler ["http-nio-8080"]
2025-11-16 16:54:55.808 [main] INFO  o.s.boot.web.embedded.tomcat.TomcatWebServer-Tomcat started on port 8080 (http) with context path '/'
2025-11-16 16:54:55.816 [main] INFO  com.itheima.TliasWebManagementApplication-Started TliasWebManagementApplication in 2.032 seconds (process running for 2.936)
2025-11-16 16:54:56.190 [RMI TCP Connection(6)-127.0.0.1] INFO  com.zaxxer.hikari.HikariDataSource-HikariPool-1 - Starting...
2025-11-16 16:54:56.191 [RMI TCP Connection(5)-127.0.0.1] INFO  o.a.c.core.ContainerBase.[Tomcat].[localhost].[/]-Initializing Spring DispatcherServlet 'dispatcherServlet'
2025-11-16 16:54:56.192 [RMI TCP Connection(5)-127.0.0.1] INFO  org.springframework.web.servlet.DispatcherServlet-Initializing Servlet 'dispatcherServlet'
2025-11-16 16:54:56.192 [RMI TCP Connection(5)-127.0.0.1] INFO  org.springframework.web.servlet.DispatcherServlet-Completed initialization in 0 ms
2025-11-16 16:54:56.417 [RMI TCP Connection(6)-127.0.0.1] INFO  com.zaxxer.hikari.pool.HikariPool-HikariPool-1 - Added connection com.mysql.cj.jdbc.ConnectionImpl@30368e90
2025-11-16 16:54:56.418 [RMI TCP Connection(6)-127.0.0.1] INFO  com.zaxxer.hikari.HikariDataSource-HikariPool-1 - Start completed.
2025-11-16 16:55:00.311 [http-nio-8080-exec-1] INFO  com.itheima.intercepter.TokenIntercepter-令牌非法
2025-11-16 16:55:05.160 [http-nio-8080-exec-2] INFO  com.itheima.controller.LoginController-登陆：Emp(id=null, username=songjiang, password=123456, name=null, gender=null, phone=null, job=null, salary=null, image=null, entryDate=null, deptId=null, createTime=null, updateTime=null, deptName=null, exprList=null)
2025-11-16 16:55:05.228 [http-nio-8080-exec-2] INFO  com.itheima.service.impl.EmpServiceImpl-登陆成功:Emp(id=2, username=songjiang, password=null, name=宋江, gender=null, phone=null, job=null, salary=null, image=null, entryDate=null, deptId=null, createTime=null, updateTime=null, deptName=null, exprList=null)
2025-11-16 16:55:07.494 [http-nio-8080-exec-3] INFO  com.itheima.intercepter.TokenIntercepter-当前登录员工id：2 已经存储到localthread
2025-11-16 16:55:07.516 [http-nio-8080-exec-3] INFO  com.itheima.controller.DeptController-查询全部部门数据
2025-11-16 16:55:07.841 [http-nio-8080-exec-5] INFO  com.itheima.intercepter.TokenIntercepter-当前登录员工id：2 已经存储到localthread
2025-11-16 16:55:07.842 [http-nio-8080-exec-4] INFO  com.itheima.intercepter.TokenIntercepter-当前登录员工id：2 已经存储到localthread
2025-11-16 16:55:07.847 [http-nio-8080-exec-4] INFO  com.itheima.controller.DeptController-查询全部部门数据
2025-11-16 16:55:07.861 [http-nio-8080-exec-5] INFO  com.itheima.controller.EmpController-分页查询:EmpQueryParam(page=1, pageSize=10, name=, gender=null, begin=null, end=null) 
2025-11-16 16:55:08.587 [http-nio-8080-exec-6] INFO  com.itheima.intercepter.TokenIntercepter-当前登录员工id：2 已经存储到localthread
2025-11-16 16:55:08.593 [http-nio-8080-exec-6] INFO  com.itheima.controller.DeptController-查询全部部门数据
2025-11-16 16:55:09.024 [http-nio-8080-exec-7] INFO  com.itheima.intercepter.TokenIntercepter-当前登录员工id：2 已经存储到localthread
2025-11-16 16:55:09.024 [http-nio-8080-exec-8] INFO  com.itheima.intercepter.TokenIntercepter-当前登录员工id：2 已经存储到localthread
2025-11-16 16:55:09.025 [http-nio-8080-exec-7] INFO  com.itheima.controller.EmpController-分页查询:EmpQueryParam(page=1, pageSize=10, name=, gender=null, begin=null, end=null) 
2025-11-16 16:55:09.028 [http-nio-8080-exec-8] INFO  com.itheima.controller.DeptController-查询全部部门数据
2025-11-16 16:56:43.488 [http-nio-8080-exec-9] INFO  com.itheima.controller.LoginController-登陆：Emp(id=null, username=ykw, password=35JILKoawyYBwpyQ, name=null, gender=null, phone=null, job=null, salary=null, image=null, entryDate=null, deptId=null, createTime=null, updateTime=null, deptName=null, exprList=null)
2025-11-16 16:56:43.504 [http-nio-8080-exec-9] INFO  com.itheima.service.impl.EmpServiceImpl-登陆成功:Emp(id=43, username=ykw, password=null, name=管理员, gender=null, phone=null, job=null, salary=null, image=null, entryDate=null, deptId=null, createTime=null, updateTime=null, deptName=null, exprList=null)
2025-11-16 16:56:59.712 [http-nio-8080-exec-10] INFO  com.itheima.controller.LoginController-登陆：Emp(id=null, username=ykw, password=35JILKoawyYBwpyQ, name=null, gender=null, phone=null, job=null, salary=null, image=null, entryDate=null, deptId=null, createTime=null, updateTime=null, deptName=null, exprList=null)
2025-11-16 16:56:59.727 [http-nio-8080-exec-10] INFO  com.itheima.service.impl.EmpServiceImpl-登陆成功:Emp(id=43, username=ykw, password=null, name=管理员, gender=null, phone=null, job=null, salary=null, image=null, entryDate=null, deptId=null, createTime=null, updateTime=null, deptName=null, exprList=null)
2025-11-16 16:57:18.087 [http-nio-8080-exec-1] INFO  com.itheima.intercepter.TokenIntercepter-当前登录员工id：43 已经存储到localthread
2025-11-16 16:57:18.103 [http-nio-8080-exec-1] INFO  com.itheima.controller.DeptController-查询全部部门数据
2025-11-16 16:57:18.708 [http-nio-8080-exec-3] INFO  com.itheima.intercepter.TokenIntercepter-当前登录员工id：43 已经存储到localthread
2025-11-16 16:57:18.708 [http-nio-8080-exec-2] INFO  com.itheima.intercepter.TokenIntercepter-当前登录员工id：43 已经存储到localthread
2025-11-16 16:57:18.719 [http-nio-8080-exec-2] INFO  com.itheima.controller.EmpController-分页查询:EmpQueryParam(page=1, pageSize=10, name=, gender=null, begin=null, end=null) 
2025-11-16 16:57:18.726 [http-nio-8080-exec-3] INFO  com.itheima.controller.DeptController-查询全部部门数据
2025-11-16 16:57:19.279 [http-nio-8080-exec-4] INFO  com.itheima.intercepter.TokenIntercepter-当前登录员工id：43 已经存储到localthread
2025-11-16 16:57:19.293 [http-nio-8080-exec-4] INFO  com.itheima.controller.DeptController-查询全部部门数据
2025-11-16 17:01:18.759 [http-nio-8080-exec-5] INFO  com.itheima.intercepter.TokenIntercepter-token不存在 响应401
2025-11-16 17:01:50.641 [SpringApplicationShutdownHook] INFO  o.s.boot.web.embedded.tomcat.GracefulShutdown-Commencing graceful shutdown. Waiting for active requests to complete
2025-11-16 17:01:50.655 [tomcat-shutdown] INFO  o.s.boot.web.embedded.tomcat.GracefulShutdown-Graceful shutdown complete
2025-11-16 17:01:50.673 [SpringApplicationShutdownHook] INFO  com.zaxxer.hikari.HikariDataSource-HikariPool-1 - Shutdown initiated...
2025-11-16 17:01:50.685 [SpringApplicationShutdownHook] INFO  com.zaxxer.hikari.HikariDataSource-HikariPool-1 - Shutdown completed.
2025-11-16 17:01:53.985 [main] INFO  com.itheima.TliasWebManagementApplication-Starting TliasWebManagementApplication using Java 17.0.17 with PID 94381 (/Users/ykw/Documents/WebApp/IdeaProj/1st-springboot-project/tlias-web-management/target/classes started by ykw in /Users/ykw/Documents/WebApp/IdeaProj/1st-springboot-project)
2025-11-16 17:01:53.987 [main] INFO  com.itheima.TliasWebManagementApplication-No active profile set, falling back to 1 default profile: "default"
2025-11-16 17:01:54.674 [main] INFO  o.s.boot.web.embedded.tomcat.TomcatWebServer-Tomcat initialized with port 8080 (http)
2025-11-16 17:01:54.679 [main] INFO  org.apache.coyote.http11.Http11NioProtocol-Initializing ProtocolHandler ["http-nio-8080"]
2025-11-16 17:01:54.680 [main] INFO  org.apache.catalina.core.StandardService-Starting service [Tomcat]
2025-11-16 17:01:54.680 [main] INFO  org.apache.catalina.core.StandardEngine-Starting Servlet engine: [Apache Tomcat/10.1.48]
2025-11-16 17:01:54.699 [main] INFO  o.a.c.core.ContainerBase.[Tomcat].[localhost].[/]-Initializing Spring embedded WebApplicationContext
2025-11-16 17:01:54.699 [main] INFO  o.s.b.w.s.c.ServletWebServerApplicationContext-Root WebApplicationContext: initialization completed in 690 ms
2025-11-16 17:01:55.232 [main] INFO  o.s.b.actuate.endpoint.web.EndpointLinksResolver-Exposing 1 endpoint beneath base path '/actuator'
2025-11-16 17:01:55.263 [main] INFO  org.apache.coyote.http11.Http11NioProtocol-Starting ProtocolHandler ["http-nio-8080"]
2025-11-16 17:01:55.272 [main] INFO  o.s.boot.web.embedded.tomcat.TomcatWebServer-Tomcat started on port 8080 (http) with context path '/'
2025-11-16 17:01:55.281 [main] INFO  com.itheima.TliasWebManagementApplication-Started TliasWebManagementApplication in 1.486 seconds (process running for 3.195)
2025-11-16 17:01:55.413 [RMI TCP Connection(6)-127.0.0.1] INFO  o.a.c.core.ContainerBase.[Tomcat].[localhost].[/]-Initializing Spring DispatcherServlet 'dispatcherServlet'
2025-11-16 17:01:55.413 [RMI TCP Connection(6)-127.0.0.1] INFO  org.springframework.web.servlet.DispatcherServlet-Initializing Servlet 'dispatcherServlet'
2025-11-16 17:01:55.414 [RMI TCP Connection(6)-127.0.0.1] INFO  org.springframework.web.servlet.DispatcherServlet-Completed initialization in 1 ms
2025-11-16 17:01:55.414 [RMI TCP Connection(4)-127.0.0.1] INFO  com.zaxxer.hikari.HikariDataSource-HikariPool-1 - Starting...
2025-11-16 17:01:55.624 [RMI TCP Connection(4)-127.0.0.1] INFO  com.zaxxer.hikari.pool.HikariPool-HikariPool-1 - Added connection com.mysql.cj.jdbc.ConnectionImpl@e96c3cf
2025-11-16 17:01:55.626 [RMI TCP Connection(4)-127.0.0.1] INFO  com.zaxxer.hikari.HikariDataSource-HikariPool-1 - Start completed.
2025-11-16 17:02:21.213 [http-nio-8080-exec-2] INFO  com.itheima.controller.DeptController-查询全部部门数据
2025-11-16 17:02:21.660 [http-nio-8080-exec-3] INFO  com.itheima.controller.DeptController-查询全部部门数据
2025-11-16 17:02:21.679 [http-nio-8080-exec-4] INFO  com.itheima.controller.EmpController-分页查询:EmpQueryParam(page=1, pageSize=10, name=, gender=null, begin=null, end=null) 
2025-11-16 17:02:26.574 [http-nio-8080-exec-5] INFO  com.itheima.controller.DeptController-查询全部部门数据
2025-11-16 17:02:29.712 [http-nio-8080-exec-6] INFO  com.itheima.controller.EmpController-分页查询:EmpQueryParam(page=1, pageSize=10, name=, gender=null, begin=null, end=null) 
2025-11-16 17:02:29.721 [http-nio-8080-exec-7] INFO  com.itheima.controller.DeptController-查询全部部门数据
2025-11-16 17:05:37.718 [http-nio-8080-exec-8] INFO  com.itheima.controller.EmpController-分页查询:EmpQueryParam(page=1, pageSize=10, name=, gender=null, begin=null, end=null) 
2025-11-16 17:05:37.729 [http-nio-8080-exec-9] INFO  com.itheima.controller.DeptController-查询全部部门数据
2025-11-16 17:06:25.837 [http-nio-8080-exec-10] INFO  com.itheima.controller.DeptController-查询全部部门数据
2025-11-16 17:06:26.327 [http-nio-8080-exec-1] INFO  com.itheima.controller.EmpController-分页查询:EmpQueryParam(page=1, pageSize=10, name=, gender=null, begin=null, end=null) 
2025-11-16 17:06:26.330 [http-nio-8080-exec-2] INFO  com.itheima.controller.DeptController-查询全部部门数据
2025-11-16 17:06:33.719 [http-nio-8080-exec-3] INFO  com.itheima.controller.EmpController-分页查询:EmpQueryParam(page=1, pageSize=10, name=, gender=null, begin=null, end=null) 
2025-11-16 17:06:33.720 [http-nio-8080-exec-4] INFO  com.itheima.controller.DeptController-查询全部部门数据
2025-11-16 17:06:35.732 [http-nio-8080-exec-5] INFO  com.itheima.controller.DeptController-查询全部部门数据
2025-11-16 17:06:36.227 [http-nio-8080-exec-7] INFO  com.itheima.controller.EmpController-分页查询:EmpQueryParam(page=1, pageSize=10, name=, gender=null, begin=null, end=null) 
2025-11-16 17:06:36.232 [http-nio-8080-exec-6] INFO  com.itheima.controller.DeptController-查询全部部门数据
2025-11-16 17:06:36.599 [http-nio-8080-exec-9] INFO  com.itheima.controller.DeptController-查询全部部门数据
2025-11-16 17:06:36.901 [http-nio-8080-exec-8] INFO  com.itheima.controller.EmpController-分页查询:EmpQueryParam(page=1, pageSize=10, name=, gender=null, begin=null, end=null) 
2025-11-16 17:06:36.903 [http-nio-8080-exec-10] INFO  com.itheima.controller.DeptController-查询全部部门数据
2025-11-16 17:06:37.084 [http-nio-8080-exec-2] INFO  com.itheima.controller.DeptController-查询全部部门数据
2025-11-16 17:06:38.275 [http-nio-8080-exec-1] INFO  com.itheima.controller.EmpController-分页查询:EmpQueryParam(page=1, pageSize=10, name=, gender=null, begin=null, end=null) 
2025-11-16 17:06:38.279 [http-nio-8080-exec-4] INFO  com.itheima.controller.DeptController-查询全部部门数据
2025-11-16 17:06:38.704 [http-nio-8080-exec-3] INFO  com.itheima.controller.DeptController-查询全部部门数据
2025-11-16 17:06:39.591 [http-nio-8080-exec-5] INFO  com.itheima.controller.EmpController-分页查询:EmpQueryParam(page=1, pageSize=10, name=, gender=null, begin=null, end=null) 
2025-11-16 17:06:39.595 [http-nio-8080-exec-6] INFO  com.itheima.controller.DeptController-查询全部部门数据
2025-11-16 17:06:40.772 [http-nio-8080-exec-7] INFO  com.itheima.controller.DeptController-查询全部部门数据
2025-11-16 17:43:32.852 [http-nio-8080-exec-7] INFO  com.itheima.controller.DeptController-查询全部部门数据
2025-11-16 17:43:33.420 [http-nio-8080-exec-10] INFO  com.itheima.controller.DeptController-查询全部部门数据
2025-11-16 17:43:33.420 [http-nio-8080-exec-9] INFO  com.itheima.controller.EmpController-分页查询:EmpQueryParam(page=1, pageSize=10, name=, gender=null, begin=null, end=null) 
2025-11-16 17:43:33.700 [http-nio-8080-exec-8] INFO  com.itheima.controller.DeptController-查询全部部门数据
2025-11-16 17:44:30.036 [http-nio-8080-exec-9] INFO  com.itheima.controller.EmpController-分页查询:EmpQueryParam(page=1, pageSize=10, name=, gender=null, begin=null, end=null) 
2025-11-16 17:44:30.056 [http-nio-8080-exec-8] INFO  com.itheima.controller.DeptController-查询全部部门数据
2025-11-16 17:44:30.957 [http-nio-8080-exec-2] INFO  com.itheima.controller.DeptController-查询全部部门数据
2025-11-16 20:54:21.206 [http-nio-8080-exec-9] INFO  com.itheima.controller.DeptController-查询全部部门数据
2025-11-16 20:54:21.936 [http-nio-8080-exec-2] INFO  com.itheima.controller.EmpController-分页查询:EmpQueryParam(page=1, pageSize=10, name=, gender=null, begin=null, end=null) 
2025-11-16 20:54:21.939 [http-nio-8080-exec-4] INFO  com.itheima.controller.DeptController-查询全部部门数据
2025-11-16 20:58:33.812 [http-nio-8080-exec-1] INFO  com.itheima.controller.EmpController-分页查询:EmpQueryParam(page=1, pageSize=10, name=, gender=null, begin=null, end=null) 
2025-11-16 20:58:33.825 [http-nio-8080-exec-3] INFO  com.itheima.controller.DeptController-查询全部部门数据
2025-11-16 20:58:35.803 [http-nio-8080-exec-6] INFO  com.itheima.controller.EmpController-分页查询:EmpQueryParam(page=1, pageSize=10, name=, gender=null, begin=null, end=null) 
2025-11-16 20:58:35.808 [http-nio-8080-exec-5] INFO  com.itheima.controller.DeptController-查询全部部门数据
2025-11-16 21:19:51.891 [http-nio-8080-exec-7] ERROR com.itheima.exception.GlobalExceptionHandler-程序出错: 
org.springframework.http.converter.HttpMessageNotReadableException: Required request body is missing: public com.itheima.pojo.Result com.itheima.controller.ClazzController.save(com.itheima.pojo.Clazz)
	at org.springframework.web.servlet.mvc.method.annotation.RequestResponseBodyMethodProcessor.readWithMessageConverters(RequestResponseBodyMethodProcessor.java:179)
	at org.springframework.web.servlet.mvc.method.annotation.RequestResponseBodyMethodProcessor.resolveArgument(RequestResponseBodyMethodProcessor.java:150)
	at org.springframework.web.method.support.HandlerMethodArgumentResolverComposite.resolveArgument(HandlerMethodArgumentResolverComposite.java:122)
	at org.springframework.web.method.support.InvocableHandlerMethod.getMethodArgumentValues(InvocableHandlerMethod.java:227)
	at org.springframework.web.method.support.InvocableHandlerMethod.invokeForRequest(InvocableHandlerMethod.java:181)
	at org.springframework.web.servlet.mvc.method.annotation.ServletInvocableHandlerMethod.invokeAndHandle(ServletInvocableHandlerMethod.java:118)
	at org.springframework.web.servlet.mvc.method.annotation.RequestMappingHandlerAdapter.invokeHandlerMethod(RequestMappingHandlerAdapter.java:991)
	at org.springframework.web.servlet.mvc.method.annotation.RequestMappingHandlerAdapter.handleInternal(RequestMappingHandlerAdapter.java:896)
	at org.springframework.web.servlet.mvc.method.AbstractHandlerMethodAdapter.handle(AbstractHandlerMethodAdapter.java:87)
	at org.springframework.web.servlet.DispatcherServlet.doDispatch(DispatcherServlet.java:1089)
	at org.springframework.web.servlet.DispatcherServlet.doService(DispatcherServlet.java:979)
	at org.springframework.web.servlet.FrameworkServlet.processRequest(FrameworkServlet.java:1014)
	at org.springframework.web.servlet.FrameworkServlet.doPost(FrameworkServlet.java:914)
	at jakarta.servlet.http.HttpServlet.service(HttpServlet.java:590)
	at org.springframework.web.servlet.FrameworkServlet.service(FrameworkServlet.java:885)
	at jakarta.servlet.http.HttpServlet.service(HttpServlet.java:658)
	at org.apache.catalina.core.ApplicationFilterChain.internalDoFilter(ApplicationFilterChain.java:193)
	at org.apache.catalina.core.ApplicationFilterChain.doFilter(ApplicationFilterChain.java:138)
	at org.apache.tomcat.websocket.server.WsFilter.doFilter(WsFilter.java:51)
	at org.apache.catalina.core.ApplicationFilterChain.internalDoFilter(ApplicationFilterChain.java:162)
	at org.apache.catalina.core.ApplicationFilterChain.doFilter(ApplicationFilterChain.java:138)
	at org.springframework.web.filter.RequestContextFilter.doFilterInternal(RequestContextFilter.java:100)
	at org.springframework.web.filter.OncePerRequestFilter.doFilter(OncePerRequestFilter.java:116)
	at org.apache.catalina.core.ApplicationFilterChain.internalDoFilter(ApplicationFilterChain.java:162)
	at org.apache.catalina.core.ApplicationFilterChain.doFilter(ApplicationFilterChain.java:138)
	at org.springframework.web.filter.FormContentFilter.doFilterInternal(FormContentFilter.java:93)
	at org.springframework.web.filter.OncePerRequestFilter.doFilter(OncePerRequestFilter.java:116)
	at org.apache.catalina.core.ApplicationFilterChain.internalDoFilter(ApplicationFilterChain.java:162)
	at org.apache.catalina.core.ApplicationFilterChain.doFilter(ApplicationFilterChain.java:138)
	at org.springframework.web.filter.ServerHttpObservationFilter.doFilterInternal(ServerHttpObservationFilter.java:110)
	at org.springframework.web.filter.OncePerRequestFilter.doFilter(OncePerRequestFilter.java:116)
	at org.apache.catalina.core.ApplicationFilterChain.internalDoFilter(ApplicationFilterChain.java:162)
	at org.apache.catalina.core.ApplicationFilterChain.doFilter(ApplicationFilterChain.java:138)
	at org.springframework.web.filter.CharacterEncodingFilter.doFilterInternal(CharacterEncodingFilter.java:201)
	at org.springframework.web.filter.OncePerRequestFilter.doFilter(OncePerRequestFilter.java:116)
	at org.apache.catalina.core.ApplicationFilterChain.internalDoFilter(ApplicationFilterChain.java:162)
	at org.apache.catalina.core.ApplicationFilterChain.doFilter(ApplicationFilterChain.java:138)
	at org.apache.catalina.core.StandardWrapperValve.invoke(StandardWrapperValve.java:165)
	at org.apache.catalina.core.StandardContextValve.invoke(StandardContextValve.java:88)
	at org.apache.catalina.authenticator.AuthenticatorBase.invoke(AuthenticatorBase.java:482)
	at org.apache.catalina.core.StandardHostValve.invoke(StandardHostValve.java:113)
	at org.apache.catalina.valves.ErrorReportValve.invoke(ErrorReportValve.java:83)
	at org.apache.catalina.core.StandardEngineValve.invoke(StandardEngineValve.java:72)
	at org.apache.catalina.connector.CoyoteAdapter.service(CoyoteAdapter.java:342)
	at org.apache.coyote.http11.Http11Processor.service(Http11Processor.java:399)
	at org.apache.coyote.AbstractProcessorLight.process(AbstractProcessorLight.java:63)
	at org.apache.coyote.AbstractProtocol$ConnectionHandler.process(AbstractProtocol.java:903)
	at org.apache.tomcat.util.net.NioEndpoint$SocketProcessor.doRun(NioEndpoint.java:1774)
	at org.apache.tomcat.util.net.SocketProcessorBase.run(SocketProcessorBase.java:52)
	at org.apache.tomcat.util.threads.ThreadPoolExecutor.runWorker(ThreadPoolExecutor.java:973)
	at org.apache.tomcat.util.threads.ThreadPoolExecutor$Worker.run(ThreadPoolExecutor.java:491)
	at org.apache.tomcat.util.threads.TaskThread$WrappingRunnable.run(TaskThread.java:63)
	at java.base/java.lang.Thread.run(Thread.java:840)
2025-11-16 21:20:20.195 [http-nio-8080-exec-6] ERROR com.itheima.exception.GlobalExceptionHandler-程序出错: 
org.springframework.dao.DataIntegrityViolationException: 
### Error updating database.  Cause: com.mysql.cj.jdbc.exceptions.MysqlDataTruncation: Data truncation: Data too long for column 'room' at row 1
### The error may exist in com/itheima/mapper/ClazzMapper.xml
### The error may involve defaultParameterMap
### The error occurred while setting parameters
### SQL: insert into clazz(name, room, begin_date, end_date, master_id, subject, create_time, update_time)         values (?, ?, ?, ?, ?, ?, ?, ?)
### Cause: com.mysql.cj.jdbc.exceptions.MysqlDataTruncation: Data truncation: Data too long for column 'room' at row 1
; Data truncation: Data too long for column 'room' at row 1
	at org.springframework.jdbc.support.SQLStateSQLExceptionTranslator.doTranslate(SQLStateSQLExceptionTranslator.java:140)
	at org.springframework.jdbc.support.AbstractFallbackSQLExceptionTranslator.translate(AbstractFallbackSQLExceptionTranslator.java:107)
	at org.springframework.jdbc.support.AbstractFallbackSQLExceptionTranslator.translate(AbstractFallbackSQLExceptionTranslator.java:116)
	at org.springframework.jdbc.support.AbstractFallbackSQLExceptionTranslator.translate(AbstractFallbackSQLExceptionTranslator.java:116)
	at org.mybatis.spring.MyBatisExceptionTranslator.translateExceptionIfPossible(MyBatisExceptionTranslator.java:95)
	at org.mybatis.spring.SqlSessionTemplate$SqlSessionInterceptor.invoke(SqlSessionTemplate.java:347)
	at jdk.proxy2/jdk.proxy2.$Proxy87.insert(Unknown Source)
	at org.mybatis.spring.SqlSessionTemplate.insert(SqlSessionTemplate.java:224)
	at org.apache.ibatis.binding.MapperMethod.execute(MapperMethod.java:62)
	at org.apache.ibatis.binding.MapperProxy$PlainMethodInvoker.invoke(MapperProxy.java:141)
	at org.apache.ibatis.binding.MapperProxy.invoke(MapperProxy.java:86)
	at jdk.proxy2/jdk.proxy2.$Proxy94.insert(Unknown Source)
	at com.itheima.service.impl.ClazzServiceImpl.save(ClazzServiceImpl.java:55)
	at com.itheima.controller.ClazzController.save(ClazzController.java:33)
	at java.base/jdk.internal.reflect.NativeMethodAccessorImpl.invoke0(Native Method)
	at java.base/jdk.internal.reflect.NativeMethodAccessorImpl.invoke(NativeMethodAccessorImpl.java:77)
	at java.base/jdk.internal.reflect.DelegatingMethodAccessorImpl.invoke(DelegatingMethodAccessorImpl.java:43)
	at java.base/java.lang.reflect.Method.invoke(Method.java:569)
	at org.springframework.web.method.support.InvocableHandlerMethod.doInvoke(InvocableHandlerMethod.java:258)
	at org.springframework.web.method.support.InvocableHandlerMethod.invokeForRequest(InvocableHandlerMethod.java:191)
	at org.springframework.web.servlet.mvc.method.annotation.ServletInvocableHandlerMethod.invokeAndHandle(ServletInvocableHandlerMethod.java:118)
	at org.springframework.web.servlet.mvc.method.annotation.RequestMappingHandlerAdapter.invokeHandlerMethod(RequestMappingHandlerAdapter.java:991)
	at org.springframework.web.servlet.mvc.method.annotation.RequestMappingHandlerAdapter.handleInternal(RequestMappingHandlerAdapter.java:896)
	at org.springframework.web.servlet.mvc.method.AbstractHandlerMethodAdapter.handle(AbstractHandlerMethodAdapter.java:87)
	at org.springframework.web.servlet.DispatcherServlet.doDispatch(DispatcherServlet.java:1089)
	at org.springframework.web.servlet.DispatcherServlet.doService(DispatcherServlet.java:979)
	at org.springframework.web.servlet.FrameworkServlet.processRequest(FrameworkServlet.java:1014)
	at org.springframework.web.servlet.FrameworkServlet.doPost(FrameworkServlet.java:914)
	at jakarta.servlet.http.HttpServlet.service(HttpServlet.java:590)
	at org.springframework.web.servlet.FrameworkServlet.service(FrameworkServlet.java:885)
	at jakarta.servlet.http.HttpServlet.service(HttpServlet.java:658)
	at org.apache.catalina.core.ApplicationFilterChain.internalDoFilter(ApplicationFilterChain.java:193)
	at org.apache.catalina.core.ApplicationFilterChain.doFilter(ApplicationFilterChain.java:138)
	at org.apache.tomcat.websocket.server.WsFilter.doFilter(WsFilter.java:51)
	at org.apache.catalina.core.ApplicationFilterChain.internalDoFilter(ApplicationFilterChain.java:162)
	at org.apache.catalina.core.ApplicationFilterChain.doFilter(ApplicationFilterChain.java:138)
	at org.springframework.web.filter.RequestContextFilter.doFilterInternal(RequestContextFilter.java:100)
	at org.springframework.web.filter.OncePerRequestFilter.doFilter(OncePerRequestFilter.java:116)
	at org.apache.catalina.core.ApplicationFilterChain.internalDoFilter(ApplicationFilterChain.java:162)
	at org.apache.catalina.core.ApplicationFilterChain.doFilter(ApplicationFilterChain.java:138)
	at org.springframework.web.filter.FormContentFilter.doFilterInternal(FormContentFilter.java:93)
	at org.springframework.web.filter.OncePerRequestFilter.doFilter(OncePerRequestFilter.java:116)
	at org.apache.catalina.core.ApplicationFilterChain.internalDoFilter(ApplicationFilterChain.java:162)
	at org.apache.catalina.core.ApplicationFilterChain.doFilter(ApplicationFilterChain.java:138)
	at org.springframework.web.filter.ServerHttpObservationFilter.doFilterInternal(ServerHttpObservationFilter.java:110)
	at org.springframework.web.filter.OncePerRequestFilter.doFilter(OncePerRequestFilter.java:116)
	at org.apache.catalina.core.ApplicationFilterChain.internalDoFilter(ApplicationFilterChain.java:162)
	at org.apache.catalina.core.ApplicationFilterChain.doFilter(ApplicationFilterChain.java:138)
	at org.springframework.web.filter.CharacterEncodingFilter.doFilterInternal(CharacterEncodingFilter.java:201)
	at org.springframework.web.filter.OncePerRequestFilter.doFilter(OncePerRequestFilter.java:116)
	at org.apache.catalina.core.ApplicationFilterChain.internalDoFilter(ApplicationFilterChain.java:162)
	at org.apache.catalina.core.ApplicationFilterChain.doFilter(ApplicationFilterChain.java:138)
	at org.apache.catalina.core.StandardWrapperValve.invoke(StandardWrapperValve.java:165)
	at org.apache.catalina.core.StandardContextValve.invoke(StandardContextValve.java:88)
	at org.apache.catalina.authenticator.AuthenticatorBase.invoke(AuthenticatorBase.java:482)
	at org.apache.catalina.core.StandardHostValve.invoke(StandardHostValve.java:113)
	at org.apache.catalina.valves.ErrorReportValve.invoke(ErrorReportValve.java:83)
	at org.apache.catalina.core.StandardEngineValve.invoke(StandardEngineValve.java:72)
	at org.apache.catalina.connector.CoyoteAdapter.service(CoyoteAdapter.java:342)
	at org.apache.coyote.http11.Http11Processor.service(Http11Processor.java:399)
	at org.apache.coyote.AbstractProcessorLight.process(AbstractProcessorLight.java:63)
	at org.apache.coyote.AbstractProtocol$ConnectionHandler.process(AbstractProtocol.java:903)
	at org.apache.tomcat.util.net.NioEndpoint$SocketProcessor.doRun(NioEndpoint.java:1774)
	at org.apache.tomcat.util.net.SocketProcessorBase.run(SocketProcessorBase.java:52)
	at org.apache.tomcat.util.threads.ThreadPoolExecutor.runWorker(ThreadPoolExecutor.java:973)
	at org.apache.tomcat.util.threads.ThreadPoolExecutor$Worker.run(ThreadPoolExecutor.java:491)
	at org.apache.tomcat.util.threads.TaskThread$WrappingRunnable.run(TaskThread.java:63)
	at java.base/java.lang.Thread.run(Thread.java:840)
Caused by: com.mysql.cj.jdbc.exceptions.MysqlDataTruncation: Data truncation: Data too long for column 'room' at row 1
	at com.mysql.cj.jdbc.exceptions.SQLExceptionsMapping.translateException(SQLExceptionsMapping.java:96)
	at com.mysql.cj.jdbc.ClientPreparedStatement.executeInternal(ClientPreparedStatement.java:988)
	at com.mysql.cj.jdbc.ClientPreparedStatement.execute(ClientPreparedStatement.java:383)
	at com.zaxxer.hikari.pool.ProxyPreparedStatement.execute(ProxyPreparedStatement.java:44)
	at com.zaxxer.hikari.pool.HikariProxyPreparedStatement.execute(HikariProxyPreparedStatement.java)
	at jdk.internal.reflect.GeneratedMethodAccessor87.invoke(Unknown Source)
	at java.base/jdk.internal.reflect.DelegatingMethodAccessorImpl.invoke(DelegatingMethodAccessorImpl.java:43)
	at java.base/java.lang.reflect.Method.invoke(Method.java:569)
	at org.apache.ibatis.logging.jdbc.PreparedStatementLogger.invoke(PreparedStatementLogger.java:58)
	at jdk.proxy3/jdk.proxy3.$Proxy133.execute(Unknown Source)
	at org.apache.ibatis.executor.statement.PreparedStatementHandler.update(PreparedStatementHandler.java:48)
	at org.apache.ibatis.executor.statement.RoutingStatementHandler.update(RoutingStatementHandler.java:75)
	at org.apache.ibatis.executor.SimpleExecutor.doUpdate(SimpleExecutor.java:50)
	at org.apache.ibatis.executor.BaseExecutor.update(BaseExecutor.java:117)
	at org.apache.ibatis.executor.CachingExecutor.update(CachingExecutor.java:76)
	at java.base/jdk.internal.reflect.NativeMethodAccessorImpl.invoke0(Native Method)
	at java.base/jdk.internal.reflect.NativeMethodAccessorImpl.invoke(NativeMethodAccessorImpl.java:77)
	at java.base/jdk.internal.reflect.DelegatingMethodAccessorImpl.invoke(DelegatingMethodAccessorImpl.java:43)
	at java.base/java.lang.reflect.Method.invoke(Method.java:569)
	at org.apache.ibatis.plugin.Plugin.invoke(Plugin.java:61)
	at jdk.proxy2/jdk.proxy2.$Proxy132.update(Unknown Source)
	at org.apache.ibatis.session.defaults.DefaultSqlSession.update(DefaultSqlSession.java:197)
	at org.apache.ibatis.session.defaults.DefaultSqlSession.insert(DefaultSqlSession.java:184)
	at java.base/jdk.internal.reflect.NativeMethodAccessorImpl.invoke0(Native Method)
	at java.base/jdk.internal.reflect.NativeMethodAccessorImpl.invoke(NativeMethodAccessorImpl.java:77)
	at java.base/jdk.internal.reflect.DelegatingMethodAccessorImpl.invoke(DelegatingMethodAccessorImpl.java:43)
	at java.base/java.lang.reflect.Method.invoke(Method.java:569)
	at org.mybatis.spring.SqlSessionTemplate$SqlSessionInterceptor.invoke(SqlSessionTemplate.java:333)
	... 62 common frames omitted
2025-11-16 21:20:47.868 [http-nio-8080-exec-8] ERROR com.itheima.exception.GlobalExceptionHandler-程序出错: 
org.springframework.http.converter.HttpMessageNotReadableException: Required request body is missing: public com.itheima.pojo.Result com.itheima.controller.ClazzController.save(com.itheima.pojo.Clazz)
	at org.springframework.web.servlet.mvc.method.annotation.RequestResponseBodyMethodProcessor.readWithMessageConverters(RequestResponseBodyMethodProcessor.java:179)
	at org.springframework.web.servlet.mvc.method.annotation.RequestResponseBodyMethodProcessor.resolveArgument(RequestResponseBodyMethodProcessor.java:150)
	at org.springframework.web.method.support.HandlerMethodArgumentResolverComposite.resolveArgument(HandlerMethodArgumentResolverComposite.java:122)
	at org.springframework.web.method.support.InvocableHandlerMethod.getMethodArgumentValues(InvocableHandlerMethod.java:227)
	at org.springframework.web.method.support.InvocableHandlerMethod.invokeForRequest(InvocableHandlerMethod.java:181)
	at org.springframework.web.servlet.mvc.method.annotation.ServletInvocableHandlerMethod.invokeAndHandle(ServletInvocableHandlerMethod.java:118)
	at org.springframework.web.servlet.mvc.method.annotation.RequestMappingHandlerAdapter.invokeHandlerMethod(RequestMappingHandlerAdapter.java:991)
	at org.springframework.web.servlet.mvc.method.annotation.RequestMappingHandlerAdapter.handleInternal(RequestMappingHandlerAdapter.java:896)
	at org.springframework.web.servlet.mvc.method.AbstractHandlerMethodAdapter.handle(AbstractHandlerMethodAdapter.java:87)
	at org.springframework.web.servlet.DispatcherServlet.doDispatch(DispatcherServlet.java:1089)
	at org.springframework.web.servlet.DispatcherServlet.doService(DispatcherServlet.java:979)
	at org.springframework.web.servlet.FrameworkServlet.processRequest(FrameworkServlet.java:1014)
	at org.springframework.web.servlet.FrameworkServlet.doPost(FrameworkServlet.java:914)
	at jakarta.servlet.http.HttpServlet.service(HttpServlet.java:590)
	at org.springframework.web.servlet.FrameworkServlet.service(FrameworkServlet.java:885)
	at jakarta.servlet.http.HttpServlet.service(HttpServlet.java:658)
	at org.apache.catalina.core.ApplicationFilterChain.internalDoFilter(ApplicationFilterChain.java:193)
	at org.apache.catalina.core.ApplicationFilterChain.doFilter(ApplicationFilterChain.java:138)
	at org.apache.tomcat.websocket.server.WsFilter.doFilter(WsFilter.java:51)
	at org.apache.catalina.core.ApplicationFilterChain.internalDoFilter(ApplicationFilterChain.java:162)
	at org.apache.catalina.core.ApplicationFilterChain.doFilter(ApplicationFilterChain.java:138)
	at org.springframework.web.filter.RequestContextFilter.doFilterInternal(RequestContextFilter.java:100)
	at org.springframework.web.filter.OncePerRequestFilter.doFilter(OncePerRequestFilter.java:116)
	at org.apache.catalina.core.ApplicationFilterChain.internalDoFilter(ApplicationFilterChain.java:162)
	at org.apache.catalina.core.ApplicationFilterChain.doFilter(ApplicationFilterChain.java:138)
	at org.springframework.web.filter.FormContentFilter.doFilterInternal(FormContentFilter.java:93)
	at org.springframework.web.filter.OncePerRequestFilter.doFilter(OncePerRequestFilter.java:116)
	at org.apache.catalina.core.ApplicationFilterChain.internalDoFilter(ApplicationFilterChain.java:162)
	at org.apache.catalina.core.ApplicationFilterChain.doFilter(ApplicationFilterChain.java:138)
	at org.springframework.web.filter.ServerHttpObservationFilter.doFilterInternal(ServerHttpObservationFilter.java:110)
	at org.springframework.web.filter.OncePerRequestFilter.doFilter(OncePerRequestFilter.java:116)
	at org.apache.catalina.core.ApplicationFilterChain.internalDoFilter(ApplicationFilterChain.java:162)
	at org.apache.catalina.core.ApplicationFilterChain.doFilter(ApplicationFilterChain.java:138)
	at org.springframework.web.filter.CharacterEncodingFilter.doFilterInternal(CharacterEncodingFilter.java:201)
	at org.springframework.web.filter.OncePerRequestFilter.doFilter(OncePerRequestFilter.java:116)
	at org.apache.catalina.core.ApplicationFilterChain.internalDoFilter(ApplicationFilterChain.java:162)
	at org.apache.catalina.core.ApplicationFilterChain.doFilter(ApplicationFilterChain.java:138)
	at org.apache.catalina.core.StandardWrapperValve.invoke(StandardWrapperValve.java:165)
	at org.apache.catalina.core.StandardContextValve.invoke(StandardContextValve.java:88)
	at org.apache.catalina.authenticator.AuthenticatorBase.invoke(AuthenticatorBase.java:482)
	at org.apache.catalina.core.StandardHostValve.invoke(StandardHostValve.java:113)
	at org.apache.catalina.valves.ErrorReportValve.invoke(ErrorReportValve.java:83)
	at org.apache.catalina.core.StandardEngineValve.invoke(StandardEngineValve.java:72)
	at org.apache.catalina.connector.CoyoteAdapter.service(CoyoteAdapter.java:342)
	at org.apache.coyote.http11.Http11Processor.service(Http11Processor.java:399)
	at org.apache.coyote.AbstractProcessorLight.process(AbstractProcessorLight.java:63)
	at org.apache.coyote.AbstractProtocol$ConnectionHandler.process(AbstractProtocol.java:903)
	at org.apache.tomcat.util.net.NioEndpoint$SocketProcessor.doRun(NioEndpoint.java:1774)
	at org.apache.tomcat.util.net.SocketProcessorBase.run(SocketProcessorBase.java:52)
	at org.apache.tomcat.util.threads.ThreadPoolExecutor.runWorker(ThreadPoolExecutor.java:973)
	at org.apache.tomcat.util.threads.ThreadPoolExecutor$Worker.run(ThreadPoolExecutor.java:491)
	at org.apache.tomcat.util.threads.TaskThread$WrappingRunnable.run(TaskThread.java:63)
	at java.base/java.lang.Thread.run(Thread.java:840)
2025-11-16 21:21:38.112 [http-nio-8080-exec-1] ERROR com.itheima.exception.GlobalExceptionHandler-程序出错: 
org.springframework.dao.DuplicateKeyException: 
### Error updating database.  Cause: java.sql.SQLIntegrityConstraintViolationException: Duplicate entry 'JavaEE就业163期' for key 'clazz.name'
### The error may exist in com/itheima/mapper/ClazzMapper.xml
### The error may involve defaultParameterMap
### The error occurred while setting parameters
### SQL: insert into clazz(name, room, begin_date, end_date, master_id, subject, create_time, update_time)         values (?, ?, ?, ?, ?, ?, ?, ?)
### Cause: java.sql.SQLIntegrityConstraintViolationException: Duplicate entry 'JavaEE就业163期' for key 'clazz.name'
; Duplicate entry 'JavaEE就业163期' for key 'clazz.name'
	at org.springframework.jdbc.support.SQLErrorCodeSQLExceptionTranslator.doTranslate(SQLErrorCodeSQLExceptionTranslator.java:254)
	at org.springframework.jdbc.support.AbstractFallbackSQLExceptionTranslator.translate(AbstractFallbackSQLExceptionTranslator.java:107)
	at org.mybatis.spring.MyBatisExceptionTranslator.translateExceptionIfPossible(MyBatisExceptionTranslator.java:95)
	at org.mybatis.spring.SqlSessionTemplate$SqlSessionInterceptor.invoke(SqlSessionTemplate.java:347)
	at jdk.proxy2/jdk.proxy2.$Proxy87.insert(Unknown Source)
	at org.mybatis.spring.SqlSessionTemplate.insert(SqlSessionTemplate.java:224)
	at org.apache.ibatis.binding.MapperMethod.execute(MapperMethod.java:62)
	at org.apache.ibatis.binding.MapperProxy$PlainMethodInvoker.invoke(MapperProxy.java:141)
	at org.apache.ibatis.binding.MapperProxy.invoke(MapperProxy.java:86)
	at jdk.proxy2/jdk.proxy2.$Proxy94.insert(Unknown Source)
	at com.itheima.service.impl.ClazzServiceImpl.save(ClazzServiceImpl.java:55)
	at com.itheima.controller.ClazzController.save(ClazzController.java:33)
	at java.base/jdk.internal.reflect.NativeMethodAccessorImpl.invoke0(Native Method)
	at java.base/jdk.internal.reflect.NativeMethodAccessorImpl.invoke(NativeMethodAccessorImpl.java:77)
	at java.base/jdk.internal.reflect.DelegatingMethodAccessorImpl.invoke(DelegatingMethodAccessorImpl.java:43)
	at java.base/java.lang.reflect.Method.invoke(Method.java:569)
	at org.springframework.web.method.support.InvocableHandlerMethod.doInvoke(InvocableHandlerMethod.java:258)
	at org.springframework.web.method.support.InvocableHandlerMethod.invokeForRequest(InvocableHandlerMethod.java:191)
	at org.springframework.web.servlet.mvc.method.annotation.ServletInvocableHandlerMethod.invokeAndHandle(ServletInvocableHandlerMethod.java:118)
	at org.springframework.web.servlet.mvc.method.annotation.RequestMappingHandlerAdapter.invokeHandlerMethod(RequestMappingHandlerAdapter.java:991)
	at org.springframework.web.servlet.mvc.method.annotation.RequestMappingHandlerAdapter.handleInternal(RequestMappingHandlerAdapter.java:896)
	at org.springframework.web.servlet.mvc.method.AbstractHandlerMethodAdapter.handle(AbstractHandlerMethodAdapter.java:87)
	at org.springframework.web.servlet.DispatcherServlet.doDispatch(DispatcherServlet.java:1089)
	at org.springframework.web.servlet.DispatcherServlet.doService(DispatcherServlet.java:979)
	at org.springframework.web.servlet.FrameworkServlet.processRequest(FrameworkServlet.java:1014)
	at org.springframework.web.servlet.FrameworkServlet.doPost(FrameworkServlet.java:914)
	at jakarta.servlet.http.HttpServlet.service(HttpServlet.java:590)
	at org.springframework.web.servlet.FrameworkServlet.service(FrameworkServlet.java:885)
	at jakarta.servlet.http.HttpServlet.service(HttpServlet.java:658)
	at org.apache.catalina.core.ApplicationFilterChain.internalDoFilter(ApplicationFilterChain.java:193)
	at org.apache.catalina.core.ApplicationFilterChain.doFilter(ApplicationFilterChain.java:138)
	at org.apache.tomcat.websocket.server.WsFilter.doFilter(WsFilter.java:51)
	at org.apache.catalina.core.ApplicationFilterChain.internalDoFilter(ApplicationFilterChain.java:162)
	at org.apache.catalina.core.ApplicationFilterChain.doFilter(ApplicationFilterChain.java:138)
	at org.springframework.web.filter.RequestContextFilter.doFilterInternal(RequestContextFilter.java:100)
	at org.springframework.web.filter.OncePerRequestFilter.doFilter(OncePerRequestFilter.java:116)
	at org.apache.catalina.core.ApplicationFilterChain.internalDoFilter(ApplicationFilterChain.java:162)
	at org.apache.catalina.core.ApplicationFilterChain.doFilter(ApplicationFilterChain.java:138)
	at org.springframework.web.filter.FormContentFilter.doFilterInternal(FormContentFilter.java:93)
	at org.springframework.web.filter.OncePerRequestFilter.doFilter(OncePerRequestFilter.java:116)
	at org.apache.catalina.core.ApplicationFilterChain.internalDoFilter(ApplicationFilterChain.java:162)
	at org.apache.catalina.core.ApplicationFilterChain.doFilter(ApplicationFilterChain.java:138)
	at org.springframework.web.filter.ServerHttpObservationFilter.doFilterInternal(ServerHttpObservationFilter.java:110)
	at org.springframework.web.filter.OncePerRequestFilter.doFilter(OncePerRequestFilter.java:116)
	at org.apache.catalina.core.ApplicationFilterChain.internalDoFilter(ApplicationFilterChain.java:162)
	at org.apache.catalina.core.ApplicationFilterChain.doFilter(ApplicationFilterChain.java:138)
	at org.springframework.web.filter.CharacterEncodingFilter.doFilterInternal(CharacterEncodingFilter.java:201)
	at org.springframework.web.filter.OncePerRequestFilter.doFilter(OncePerRequestFilter.java:116)
	at org.apache.catalina.core.ApplicationFilterChain.internalDoFilter(ApplicationFilterChain.java:162)
	at org.apache.catalina.core.ApplicationFilterChain.doFilter(ApplicationFilterChain.java:138)
	at org.apache.catalina.core.StandardWrapperValve.invoke(StandardWrapperValve.java:165)
	at org.apache.catalina.core.StandardContextValve.invoke(StandardContextValve.java:88)
	at org.apache.catalina.authenticator.AuthenticatorBase.invoke(AuthenticatorBase.java:482)
	at org.apache.catalina.core.StandardHostValve.invoke(StandardHostValve.java:113)
	at org.apache.catalina.valves.ErrorReportValve.invoke(ErrorReportValve.java:83)
	at org.apache.catalina.core.StandardEngineValve.invoke(StandardEngineValve.java:72)
	at org.apache.catalina.connector.CoyoteAdapter.service(CoyoteAdapter.java:342)
	at org.apache.coyote.http11.Http11Processor.service(Http11Processor.java:399)
	at org.apache.coyote.AbstractProcessorLight.process(AbstractProcessorLight.java:63)
	at org.apache.coyote.AbstractProtocol$ConnectionHandler.process(AbstractProtocol.java:903)
	at org.apache.tomcat.util.net.NioEndpoint$SocketProcessor.doRun(NioEndpoint.java:1774)
	at org.apache.tomcat.util.net.SocketProcessorBase.run(SocketProcessorBase.java:52)
	at org.apache.tomcat.util.threads.ThreadPoolExecutor.runWorker(ThreadPoolExecutor.java:973)
	at org.apache.tomcat.util.threads.ThreadPoolExecutor$Worker.run(ThreadPoolExecutor.java:491)
	at org.apache.tomcat.util.threads.TaskThread$WrappingRunnable.run(TaskThread.java:63)
	at java.base/java.lang.Thread.run(Thread.java:840)
Caused by: java.sql.SQLIntegrityConstraintViolationException: Duplicate entry 'JavaEE就业163期' for key 'clazz.name'
	at com.mysql.cj.jdbc.exceptions.SQLError.createSQLException(SQLError.java:109)
	at com.mysql.cj.jdbc.exceptions.SQLExceptionsMapping.translateException(SQLExceptionsMapping.java:114)
	at com.mysql.cj.jdbc.ClientPreparedStatement.executeInternal(ClientPreparedStatement.java:988)
	at com.mysql.cj.jdbc.ClientPreparedStatement.execute(ClientPreparedStatement.java:383)
	at com.zaxxer.hikari.pool.ProxyPreparedStatement.execute(ProxyPreparedStatement.java:44)
	at com.zaxxer.hikari.pool.HikariProxyPreparedStatement.execute(HikariProxyPreparedStatement.java)
	at jdk.internal.reflect.GeneratedMethodAccessor87.invoke(Unknown Source)
	at java.base/jdk.internal.reflect.DelegatingMethodAccessorImpl.invoke(DelegatingMethodAccessorImpl.java:43)
	at java.base/java.lang.reflect.Method.invoke(Method.java:569)
	at org.apache.ibatis.logging.jdbc.PreparedStatementLogger.invoke(PreparedStatementLogger.java:58)
	at jdk.proxy3/jdk.proxy3.$Proxy133.execute(Unknown Source)
	at org.apache.ibatis.executor.statement.PreparedStatementHandler.update(PreparedStatementHandler.java:48)
	at org.apache.ibatis.executor.statement.RoutingStatementHandler.update(RoutingStatementHandler.java:75)
	at org.apache.ibatis.executor.SimpleExecutor.doUpdate(SimpleExecutor.java:50)
	at org.apache.ibatis.executor.BaseExecutor.update(BaseExecutor.java:117)
	at org.apache.ibatis.executor.CachingExecutor.update(CachingExecutor.java:76)
	at java.base/jdk.internal.reflect.NativeMethodAccessorImpl.invoke0(Native Method)
	at java.base/jdk.internal.reflect.NativeMethodAccessorImpl.invoke(NativeMethodAccessorImpl.java:77)
	at java.base/jdk.internal.reflect.DelegatingMethodAccessorImpl.invoke(DelegatingMethodAccessorImpl.java:43)
	at java.base/java.lang.reflect.Method.invoke(Method.java:569)
	at org.apache.ibatis.plugin.Plugin.invoke(Plugin.java:61)
	at jdk.proxy2/jdk.proxy2.$Proxy132.update(Unknown Source)
	at org.apache.ibatis.session.defaults.DefaultSqlSession.update(DefaultSqlSession.java:197)
	at org.apache.ibatis.session.defaults.DefaultSqlSession.insert(DefaultSqlSession.java:184)
	at java.base/jdk.internal.reflect.NativeMethodAccessorImpl.invoke0(Native Method)
	at java.base/jdk.internal.reflect.NativeMethodAccessorImpl.invoke(NativeMethodAccessorImpl.java:77)
	at java.base/jdk.internal.reflect.DelegatingMethodAccessorImpl.invoke(DelegatingMethodAccessorImpl.java:43)
	at java.base/java.lang.reflect.Method.invoke(Method.java:569)
	at org.mybatis.spring.SqlSessionTemplate$SqlSessionInterceptor.invoke(SqlSessionTemplate.java:333)
	... 62 common frames omitted
2025-11-16 21:21:39.004 [http-nio-8080-exec-7] ERROR com.itheima.exception.GlobalExceptionHandler-程序出错: 
org.springframework.dao.DuplicateKeyException: 
### Error updating database.  Cause: java.sql.SQLIntegrityConstraintViolationException: Duplicate entry 'JavaEE就业163期' for key 'clazz.name'
### The error may exist in com/itheima/mapper/ClazzMapper.xml
### The error may involve defaultParameterMap
### The error occurred while setting parameters
### SQL: insert into clazz(name, room, begin_date, end_date, master_id, subject, create_time, update_time)         values (?, ?, ?, ?, ?, ?, ?, ?)
### Cause: java.sql.SQLIntegrityConstraintViolationException: Duplicate entry 'JavaEE就业163期' for key 'clazz.name'
; Duplicate entry 'JavaEE就业163期' for key 'clazz.name'
	at org.springframework.jdbc.support.SQLErrorCodeSQLExceptionTranslator.doTranslate(SQLErrorCodeSQLExceptionTranslator.java:254)
	at org.springframework.jdbc.support.AbstractFallbackSQLExceptionTranslator.translate(AbstractFallbackSQLExceptionTranslator.java:107)
	at org.mybatis.spring.MyBatisExceptionTranslator.translateExceptionIfPossible(MyBatisExceptionTranslator.java:95)
	at org.mybatis.spring.SqlSessionTemplate$SqlSessionInterceptor.invoke(SqlSessionTemplate.java:347)
	at jdk.proxy2/jdk.proxy2.$Proxy87.insert(Unknown Source)
	at org.mybatis.spring.SqlSessionTemplate.insert(SqlSessionTemplate.java:224)
	at org.apache.ibatis.binding.MapperMethod.execute(MapperMethod.java:62)
	at org.apache.ibatis.binding.MapperProxy$PlainMethodInvoker.invoke(MapperProxy.java:141)
	at org.apache.ibatis.binding.MapperProxy.invoke(MapperProxy.java:86)
	at jdk.proxy2/jdk.proxy2.$Proxy94.insert(Unknown Source)
	at com.itheima.service.impl.ClazzServiceImpl.save(ClazzServiceImpl.java:55)
	at com.itheima.controller.ClazzController.save(ClazzController.java:33)
	at java.base/jdk.internal.reflect.NativeMethodAccessorImpl.invoke0(Native Method)
	at java.base/jdk.internal.reflect.NativeMethodAccessorImpl.invoke(NativeMethodAccessorImpl.java:77)
	at java.base/jdk.internal.reflect.DelegatingMethodAccessorImpl.invoke(DelegatingMethodAccessorImpl.java:43)
	at java.base/java.lang.reflect.Method.invoke(Method.java:569)
	at org.springframework.web.method.support.InvocableHandlerMethod.doInvoke(InvocableHandlerMethod.java:258)
	at org.springframework.web.method.support.InvocableHandlerMethod.invokeForRequest(InvocableHandlerMethod.java:191)
	at org.springframework.web.servlet.mvc.method.annotation.ServletInvocableHandlerMethod.invokeAndHandle(ServletInvocableHandlerMethod.java:118)
	at org.springframework.web.servlet.mvc.method.annotation.RequestMappingHandlerAdapter.invokeHandlerMethod(RequestMappingHandlerAdapter.java:991)
	at org.springframework.web.servlet.mvc.method.annotation.RequestMappingHandlerAdapter.handleInternal(RequestMappingHandlerAdapter.java:896)
	at org.springframework.web.servlet.mvc.method.AbstractHandlerMethodAdapter.handle(AbstractHandlerMethodAdapter.java:87)
	at org.springframework.web.servlet.DispatcherServlet.doDispatch(DispatcherServlet.java:1089)
	at org.springframework.web.servlet.DispatcherServlet.doService(DispatcherServlet.java:979)
	at org.springframework.web.servlet.FrameworkServlet.processRequest(FrameworkServlet.java:1014)
	at org.springframework.web.servlet.FrameworkServlet.doPost(FrameworkServlet.java:914)
	at jakarta.servlet.http.HttpServlet.service(HttpServlet.java:590)
	at org.springframework.web.servlet.FrameworkServlet.service(FrameworkServlet.java:885)
	at jakarta.servlet.http.HttpServlet.service(HttpServlet.java:658)
	at org.apache.catalina.core.ApplicationFilterChain.internalDoFilter(ApplicationFilterChain.java:193)
	at org.apache.catalina.core.ApplicationFilterChain.doFilter(ApplicationFilterChain.java:138)
	at org.apache.tomcat.websocket.server.WsFilter.doFilter(WsFilter.java:51)
	at org.apache.catalina.core.ApplicationFilterChain.internalDoFilter(ApplicationFilterChain.java:162)
	at org.apache.catalina.core.ApplicationFilterChain.doFilter(ApplicationFilterChain.java:138)
	at org.springframework.web.filter.RequestContextFilter.doFilterInternal(RequestContextFilter.java:100)
	at org.springframework.web.filter.OncePerRequestFilter.doFilter(OncePerRequestFilter.java:116)
	at org.apache.catalina.core.ApplicationFilterChain.internalDoFilter(ApplicationFilterChain.java:162)
	at org.apache.catalina.core.ApplicationFilterChain.doFilter(ApplicationFilterChain.java:138)
	at org.springframework.web.filter.FormContentFilter.doFilterInternal(FormContentFilter.java:93)
	at org.springframework.web.filter.OncePerRequestFilter.doFilter(OncePerRequestFilter.java:116)
	at org.apache.catalina.core.ApplicationFilterChain.internalDoFilter(ApplicationFilterChain.java:162)
	at org.apache.catalina.core.ApplicationFilterChain.doFilter(ApplicationFilterChain.java:138)
	at org.springframework.web.filter.ServerHttpObservationFilter.doFilterInternal(ServerHttpObservationFilter.java:110)
	at org.springframework.web.filter.OncePerRequestFilter.doFilter(OncePerRequestFilter.java:116)
	at org.apache.catalina.core.ApplicationFilterChain.internalDoFilter(ApplicationFilterChain.java:162)
	at org.apache.catalina.core.ApplicationFilterChain.doFilter(ApplicationFilterChain.java:138)
	at org.springframework.web.filter.CharacterEncodingFilter.doFilterInternal(CharacterEncodingFilter.java:201)
	at org.springframework.web.filter.OncePerRequestFilter.doFilter(OncePerRequestFilter.java:116)
	at org.apache.catalina.core.ApplicationFilterChain.internalDoFilter(ApplicationFilterChain.java:162)
	at org.apache.catalina.core.ApplicationFilterChain.doFilter(ApplicationFilterChain.java:138)
	at org.apache.catalina.core.StandardWrapperValve.invoke(StandardWrapperValve.java:165)
	at org.apache.catalina.core.StandardContextValve.invoke(StandardContextValve.java:88)
	at org.apache.catalina.authenticator.AuthenticatorBase.invoke(AuthenticatorBase.java:482)
	at org.apache.catalina.core.StandardHostValve.invoke(StandardHostValve.java:113)
	at org.apache.catalina.valves.ErrorReportValve.invoke(ErrorReportValve.java:83)
	at org.apache.catalina.core.StandardEngineValve.invoke(StandardEngineValve.java:72)
	at org.apache.catalina.connector.CoyoteAdapter.service(CoyoteAdapter.java:342)
	at org.apache.coyote.http11.Http11Processor.service(Http11Processor.java:399)
	at org.apache.coyote.AbstractProcessorLight.process(AbstractProcessorLight.java:63)
	at org.apache.coyote.AbstractProtocol$ConnectionHandler.process(AbstractProtocol.java:903)
	at org.apache.tomcat.util.net.NioEndpoint$SocketProcessor.doRun(NioEndpoint.java:1774)
	at org.apache.tomcat.util.net.SocketProcessorBase.run(SocketProcessorBase.java:52)
	at org.apache.tomcat.util.threads.ThreadPoolExecutor.runWorker(ThreadPoolExecutor.java:973)
	at org.apache.tomcat.util.threads.ThreadPoolExecutor$Worker.run(ThreadPoolExecutor.java:491)
	at org.apache.tomcat.util.threads.TaskThread$WrappingRunnable.run(TaskThread.java:63)
	at java.base/java.lang.Thread.run(Thread.java:840)
Caused by: java.sql.SQLIntegrityConstraintViolationException: Duplicate entry 'JavaEE就业163期' for key 'clazz.name'
	at com.mysql.cj.jdbc.exceptions.SQLError.createSQLException(SQLError.java:109)
	at com.mysql.cj.jdbc.exceptions.SQLExceptionsMapping.translateException(SQLExceptionsMapping.java:114)
	at com.mysql.cj.jdbc.ClientPreparedStatement.executeInternal(ClientPreparedStatement.java:988)
	at com.mysql.cj.jdbc.ClientPreparedStatement.execute(ClientPreparedStatement.java:383)
	at com.zaxxer.hikari.pool.ProxyPreparedStatement.execute(ProxyPreparedStatement.java:44)
	at com.zaxxer.hikari.pool.HikariProxyPreparedStatement.execute(HikariProxyPreparedStatement.java)
	at jdk.internal.reflect.GeneratedMethodAccessor87.invoke(Unknown Source)
	at java.base/jdk.internal.reflect.DelegatingMethodAccessorImpl.invoke(DelegatingMethodAccessorImpl.java:43)
	at java.base/java.lang.reflect.Method.invoke(Method.java:569)
	at org.apache.ibatis.logging.jdbc.PreparedStatementLogger.invoke(PreparedStatementLogger.java:58)
	at jdk.proxy3/jdk.proxy3.$Proxy133.execute(Unknown Source)
	at org.apache.ibatis.executor.statement.PreparedStatementHandler.update(PreparedStatementHandler.java:48)
	at org.apache.ibatis.executor.statement.RoutingStatementHandler.update(RoutingStatementHandler.java:75)
	at org.apache.ibatis.executor.SimpleExecutor.doUpdate(SimpleExecutor.java:50)
	at org.apache.ibatis.executor.BaseExecutor.update(BaseExecutor.java:117)
	at org.apache.ibatis.executor.CachingExecutor.update(CachingExecutor.java:76)
	at java.base/jdk.internal.reflect.NativeMethodAccessorImpl.invoke0(Native Method)
	at java.base/jdk.internal.reflect.NativeMethodAccessorImpl.invoke(NativeMethodAccessorImpl.java:77)
	at java.base/jdk.internal.reflect.DelegatingMethodAccessorImpl.invoke(DelegatingMethodAccessorImpl.java:43)
	at java.base/java.lang.reflect.Method.invoke(Method.java:569)
	at org.apache.ibatis.plugin.Plugin.invoke(Plugin.java:61)
	at jdk.proxy2/jdk.proxy2.$Proxy132.update(Unknown Source)
	at org.apache.ibatis.session.defaults.DefaultSqlSession.update(DefaultSqlSession.java:197)
	at org.apache.ibatis.session.defaults.DefaultSqlSession.insert(DefaultSqlSession.java:184)
	at java.base/jdk.internal.reflect.NativeMethodAccessorImpl.invoke0(Native Method)
	at java.base/jdk.internal.reflect.NativeMethodAccessorImpl.invoke(NativeMethodAccessorImpl.java:77)
	at java.base/jdk.internal.reflect.DelegatingMethodAccessorImpl.invoke(DelegatingMethodAccessorImpl.java:43)
	at java.base/java.lang.reflect.Method.invoke(Method.java:569)
	at org.mybatis.spring.SqlSessionTemplate$SqlSessionInterceptor.invoke(SqlSessionTemplate.java:333)
	... 62 common frames omitted
2025-11-16 21:21:39.432 [http-nio-8080-exec-6] ERROR com.itheima.exception.GlobalExceptionHandler-程序出错: 
org.springframework.dao.DuplicateKeyException: 
### Error updating database.  Cause: java.sql.SQLIntegrityConstraintViolationException: Duplicate entry 'JavaEE就业163期' for key 'clazz.name'
### The error may exist in com/itheima/mapper/ClazzMapper.xml
### The error may involve defaultParameterMap
### The error occurred while setting parameters
### SQL: insert into clazz(name, room, begin_date, end_date, master_id, subject, create_time, update_time)         values (?, ?, ?, ?, ?, ?, ?, ?)
### Cause: java.sql.SQLIntegrityConstraintViolationException: Duplicate entry 'JavaEE就业163期' for key 'clazz.name'
; Duplicate entry 'JavaEE就业163期' for key 'clazz.name'
	at org.springframework.jdbc.support.SQLErrorCodeSQLExceptionTranslator.doTranslate(SQLErrorCodeSQLExceptionTranslator.java:254)
	at org.springframework.jdbc.support.AbstractFallbackSQLExceptionTranslator.translate(AbstractFallbackSQLExceptionTranslator.java:107)
	at org.mybatis.spring.MyBatisExceptionTranslator.translateExceptionIfPossible(MyBatisExceptionTranslator.java:95)
	at org.mybatis.spring.SqlSessionTemplate$SqlSessionInterceptor.invoke(SqlSessionTemplate.java:347)
	at jdk.proxy2/jdk.proxy2.$Proxy87.insert(Unknown Source)
	at org.mybatis.spring.SqlSessionTemplate.insert(SqlSessionTemplate.java:224)
	at org.apache.ibatis.binding.MapperMethod.execute(MapperMethod.java:62)
	at org.apache.ibatis.binding.MapperProxy$PlainMethodInvoker.invoke(MapperProxy.java:141)
	at org.apache.ibatis.binding.MapperProxy.invoke(MapperProxy.java:86)
	at jdk.proxy2/jdk.proxy2.$Proxy94.insert(Unknown Source)
	at com.itheima.service.impl.ClazzServiceImpl.save(ClazzServiceImpl.java:55)
	at com.itheima.controller.ClazzController.save(ClazzController.java:33)
	at java.base/jdk.internal.reflect.NativeMethodAccessorImpl.invoke0(Native Method)
	at java.base/jdk.internal.reflect.NativeMethodAccessorImpl.invoke(NativeMethodAccessorImpl.java:77)
	at java.base/jdk.internal.reflect.DelegatingMethodAccessorImpl.invoke(DelegatingMethodAccessorImpl.java:43)
	at java.base/java.lang.reflect.Method.invoke(Method.java:569)
	at org.springframework.web.method.support.InvocableHandlerMethod.doInvoke(InvocableHandlerMethod.java:258)
	at org.springframework.web.method.support.InvocableHandlerMethod.invokeForRequest(InvocableHandlerMethod.java:191)
	at org.springframework.web.servlet.mvc.method.annotation.ServletInvocableHandlerMethod.invokeAndHandle(ServletInvocableHandlerMethod.java:118)
	at org.springframework.web.servlet.mvc.method.annotation.RequestMappingHandlerAdapter.invokeHandlerMethod(RequestMappingHandlerAdapter.java:991)
	at org.springframework.web.servlet.mvc.method.annotation.RequestMappingHandlerAdapter.handleInternal(RequestMappingHandlerAdapter.java:896)
	at org.springframework.web.servlet.mvc.method.AbstractHandlerMethodAdapter.handle(AbstractHandlerMethodAdapter.java:87)
	at org.springframework.web.servlet.DispatcherServlet.doDispatch(DispatcherServlet.java:1089)
	at org.springframework.web.servlet.DispatcherServlet.doService(DispatcherServlet.java:979)
	at org.springframework.web.servlet.FrameworkServlet.processRequest(FrameworkServlet.java:1014)
	at org.springframework.web.servlet.FrameworkServlet.doPost(FrameworkServlet.java:914)
	at jakarta.servlet.http.HttpServlet.service(HttpServlet.java:590)
	at org.springframework.web.servlet.FrameworkServlet.service(FrameworkServlet.java:885)
	at jakarta.servlet.http.HttpServlet.service(HttpServlet.java:658)
	at org.apache.catalina.core.ApplicationFilterChain.internalDoFilter(ApplicationFilterChain.java:193)
	at org.apache.catalina.core.ApplicationFilterChain.doFilter(ApplicationFilterChain.java:138)
	at org.apache.tomcat.websocket.server.WsFilter.doFilter(WsFilter.java:51)
	at org.apache.catalina.core.ApplicationFilterChain.internalDoFilter(ApplicationFilterChain.java:162)
	at org.apache.catalina.core.ApplicationFilterChain.doFilter(ApplicationFilterChain.java:138)
	at org.springframework.web.filter.RequestContextFilter.doFilterInternal(RequestContextFilter.java:100)
	at org.springframework.web.filter.OncePerRequestFilter.doFilter(OncePerRequestFilter.java:116)
	at org.apache.catalina.core.ApplicationFilterChain.internalDoFilter(ApplicationFilterChain.java:162)
	at org.apache.catalina.core.ApplicationFilterChain.doFilter(ApplicationFilterChain.java:138)
	at org.springframework.web.filter.FormContentFilter.doFilterInternal(FormContentFilter.java:93)
	at org.springframework.web.filter.OncePerRequestFilter.doFilter(OncePerRequestFilter.java:116)
	at org.apache.catalina.core.ApplicationFilterChain.internalDoFilter(ApplicationFilterChain.java:162)
	at org.apache.catalina.core.ApplicationFilterChain.doFilter(ApplicationFilterChain.java:138)
	at org.springframework.web.filter.ServerHttpObservationFilter.doFilterInternal(ServerHttpObservationFilter.java:110)
	at org.springframework.web.filter.OncePerRequestFilter.doFilter(OncePerRequestFilter.java:116)
	at org.apache.catalina.core.ApplicationFilterChain.internalDoFilter(ApplicationFilterChain.java:162)
	at org.apache.catalina.core.ApplicationFilterChain.doFilter(ApplicationFilterChain.java:138)
	at org.springframework.web.filter.CharacterEncodingFilter.doFilterInternal(CharacterEncodingFilter.java:201)
	at org.springframework.web.filter.OncePerRequestFilter.doFilter(OncePerRequestFilter.java:116)
	at org.apache.catalina.core.ApplicationFilterChain.internalDoFilter(ApplicationFilterChain.java:162)
	at org.apache.catalina.core.ApplicationFilterChain.doFilter(ApplicationFilterChain.java:138)
	at org.apache.catalina.core.StandardWrapperValve.invoke(StandardWrapperValve.java:165)
	at org.apache.catalina.core.StandardContextValve.invoke(StandardContextValve.java:88)
	at org.apache.catalina.authenticator.AuthenticatorBase.invoke(AuthenticatorBase.java:482)
	at org.apache.catalina.core.StandardHostValve.invoke(StandardHostValve.java:113)
	at org.apache.catalina.valves.ErrorReportValve.invoke(ErrorReportValve.java:83)
	at org.apache.catalina.core.StandardEngineValve.invoke(StandardEngineValve.java:72)
	at org.apache.catalina.connector.CoyoteAdapter.service(CoyoteAdapter.java:342)
	at org.apache.coyote.http11.Http11Processor.service(Http11Processor.java:399)
	at org.apache.coyote.AbstractProcessorLight.process(AbstractProcessorLight.java:63)
	at org.apache.coyote.AbstractProtocol$ConnectionHandler.process(AbstractProtocol.java:903)
	at org.apache.tomcat.util.net.NioEndpoint$SocketProcessor.doRun(NioEndpoint.java:1774)
	at org.apache.tomcat.util.net.SocketProcessorBase.run(SocketProcessorBase.java:52)
	at org.apache.tomcat.util.threads.ThreadPoolExecutor.runWorker(ThreadPoolExecutor.java:973)
	at org.apache.tomcat.util.threads.ThreadPoolExecutor$Worker.run(ThreadPoolExecutor.java:491)
	at org.apache.tomcat.util.threads.TaskThread$WrappingRunnable.run(TaskThread.java:63)
	at java.base/java.lang.Thread.run(Thread.java:840)
Caused by: java.sql.SQLIntegrityConstraintViolationException: Duplicate entry 'JavaEE就业163期' for key 'clazz.name'
	at com.mysql.cj.jdbc.exceptions.SQLError.createSQLException(SQLError.java:109)
	at com.mysql.cj.jdbc.exceptions.SQLExceptionsMapping.translateException(SQLExceptionsMapping.java:114)
	at com.mysql.cj.jdbc.ClientPreparedStatement.executeInternal(ClientPreparedStatement.java:988)
	at com.mysql.cj.jdbc.ClientPreparedStatement.execute(ClientPreparedStatement.java:383)
	at com.zaxxer.hikari.pool.ProxyPreparedStatement.execute(ProxyPreparedStatement.java:44)
	at com.zaxxer.hikari.pool.HikariProxyPreparedStatement.execute(HikariProxyPreparedStatement.java)
	at jdk.internal.reflect.GeneratedMethodAccessor87.invoke(Unknown Source)
	at java.base/jdk.internal.reflect.DelegatingMethodAccessorImpl.invoke(DelegatingMethodAccessorImpl.java:43)
	at java.base/java.lang.reflect.Method.invoke(Method.java:569)
	at org.apache.ibatis.logging.jdbc.PreparedStatementLogger.invoke(PreparedStatementLogger.java:58)
	at jdk.proxy3/jdk.proxy3.$Proxy133.execute(Unknown Source)
	at org.apache.ibatis.executor.statement.PreparedStatementHandler.update(PreparedStatementHandler.java:48)
	at org.apache.ibatis.executor.statement.RoutingStatementHandler.update(RoutingStatementHandler.java:75)
	at org.apache.ibatis.executor.SimpleExecutor.doUpdate(SimpleExecutor.java:50)
	at org.apache.ibatis.executor.BaseExecutor.update(BaseExecutor.java:117)
	at org.apache.ibatis.executor.CachingExecutor.update(CachingExecutor.java:76)
	at java.base/jdk.internal.reflect.NativeMethodAccessorImpl.invoke0(Native Method)
	at java.base/jdk.internal.reflect.NativeMethodAccessorImpl.invoke(NativeMethodAccessorImpl.java:77)
	at java.base/jdk.internal.reflect.DelegatingMethodAccessorImpl.invoke(DelegatingMethodAccessorImpl.java:43)
	at java.base/java.lang.reflect.Method.invoke(Method.java:569)
	at org.apache.ibatis.plugin.Plugin.invoke(Plugin.java:61)
	at jdk.proxy2/jdk.proxy2.$Proxy132.update(Unknown Source)
	at org.apache.ibatis.session.defaults.DefaultSqlSession.update(DefaultSqlSession.java:197)
	at org.apache.ibatis.session.defaults.DefaultSqlSession.insert(DefaultSqlSession.java:184)
	at java.base/jdk.internal.reflect.NativeMethodAccessorImpl.invoke0(Native Method)
	at java.base/jdk.internal.reflect.NativeMethodAccessorImpl.invoke(NativeMethodAccessorImpl.java:77)
	at java.base/jdk.internal.reflect.DelegatingMethodAccessorImpl.invoke(DelegatingMethodAccessorImpl.java:43)
	at java.base/java.lang.reflect.Method.invoke(Method.java:569)
	at org.mybatis.spring.SqlSessionTemplate$SqlSessionInterceptor.invoke(SqlSessionTemplate.java:333)
	... 62 common frames omitted
2025-11-16 21:21:39.573 [http-nio-8080-exec-5] ERROR com.itheima.exception.GlobalExceptionHandler-程序出错: 
org.springframework.dao.DuplicateKeyException: 
### Error updating database.  Cause: java.sql.SQLIntegrityConstraintViolationException: Duplicate entry 'JavaEE就业163期' for key 'clazz.name'
### The error may exist in com/itheima/mapper/ClazzMapper.xml
### The error may involve defaultParameterMap
### The error occurred while setting parameters
### SQL: insert into clazz(name, room, begin_date, end_date, master_id, subject, create_time, update_time)         values (?, ?, ?, ?, ?, ?, ?, ?)
### Cause: java.sql.SQLIntegrityConstraintViolationException: Duplicate entry 'JavaEE就业163期' for key 'clazz.name'
; Duplicate entry 'JavaEE就业163期' for key 'clazz.name'
	at org.springframework.jdbc.support.SQLErrorCodeSQLExceptionTranslator.doTranslate(SQLErrorCodeSQLExceptionTranslator.java:254)
	at org.springframework.jdbc.support.AbstractFallbackSQLExceptionTranslator.translate(AbstractFallbackSQLExceptionTranslator.java:107)
	at org.mybatis.spring.MyBatisExceptionTranslator.translateExceptionIfPossible(MyBatisExceptionTranslator.java:95)
	at org.mybatis.spring.SqlSessionTemplate$SqlSessionInterceptor.invoke(SqlSessionTemplate.java:347)
	at jdk.proxy2/jdk.proxy2.$Proxy87.insert(Unknown Source)
	at org.mybatis.spring.SqlSessionTemplate.insert(SqlSessionTemplate.java:224)
	at org.apache.ibatis.binding.MapperMethod.execute(MapperMethod.java:62)
	at org.apache.ibatis.binding.MapperProxy$PlainMethodInvoker.invoke(MapperProxy.java:141)
	at org.apache.ibatis.binding.MapperProxy.invoke(MapperProxy.java:86)
	at jdk.proxy2/jdk.proxy2.$Proxy94.insert(Unknown Source)
	at com.itheima.service.impl.ClazzServiceImpl.save(ClazzServiceImpl.java:55)
	at com.itheima.controller.ClazzController.save(ClazzController.java:33)
	at java.base/jdk.internal.reflect.NativeMethodAccessorImpl.invoke0(Native Method)
	at java.base/jdk.internal.reflect.NativeMethodAccessorImpl.invoke(NativeMethodAccessorImpl.java:77)
	at java.base/jdk.internal.reflect.DelegatingMethodAccessorImpl.invoke(DelegatingMethodAccessorImpl.java:43)
	at java.base/java.lang.reflect.Method.invoke(Method.java:569)
	at org.springframework.web.method.support.InvocableHandlerMethod.doInvoke(InvocableHandlerMethod.java:258)
	at org.springframework.web.method.support.InvocableHandlerMethod.invokeForRequest(InvocableHandlerMethod.java:191)
	at org.springframework.web.servlet.mvc.method.annotation.ServletInvocableHandlerMethod.invokeAndHandle(ServletInvocableHandlerMethod.java:118)
	at org.springframework.web.servlet.mvc.method.annotation.RequestMappingHandlerAdapter.invokeHandlerMethod(RequestMappingHandlerAdapter.java:991)
	at org.springframework.web.servlet.mvc.method.annotation.RequestMappingHandlerAdapter.handleInternal(RequestMappingHandlerAdapter.java:896)
	at org.springframework.web.servlet.mvc.method.AbstractHandlerMethodAdapter.handle(AbstractHandlerMethodAdapter.java:87)
	at org.springframework.web.servlet.DispatcherServlet.doDispatch(DispatcherServlet.java:1089)
	at org.springframework.web.servlet.DispatcherServlet.doService(DispatcherServlet.java:979)
	at org.springframework.web.servlet.FrameworkServlet.processRequest(FrameworkServlet.java:1014)
	at org.springframework.web.servlet.FrameworkServlet.doPost(FrameworkServlet.java:914)
	at jakarta.servlet.http.HttpServlet.service(HttpServlet.java:590)
	at org.springframework.web.servlet.FrameworkServlet.service(FrameworkServlet.java:885)
	at jakarta.servlet.http.HttpServlet.service(HttpServlet.java:658)
	at org.apache.catalina.core.ApplicationFilterChain.internalDoFilter(ApplicationFilterChain.java:193)
	at org.apache.catalina.core.ApplicationFilterChain.doFilter(ApplicationFilterChain.java:138)
	at org.apache.tomcat.websocket.server.WsFilter.doFilter(WsFilter.java:51)
	at org.apache.catalina.core.ApplicationFilterChain.internalDoFilter(ApplicationFilterChain.java:162)
	at org.apache.catalina.core.ApplicationFilterChain.doFilter(ApplicationFilterChain.java:138)
	at org.springframework.web.filter.RequestContextFilter.doFilterInternal(RequestContextFilter.java:100)
	at org.springframework.web.filter.OncePerRequestFilter.doFilter(OncePerRequestFilter.java:116)
	at org.apache.catalina.core.ApplicationFilterChain.internalDoFilter(ApplicationFilterChain.java:162)
	at org.apache.catalina.core.ApplicationFilterChain.doFilter(ApplicationFilterChain.java:138)
	at org.springframework.web.filter.FormContentFilter.doFilterInternal(FormContentFilter.java:93)
	at org.springframework.web.filter.OncePerRequestFilter.doFilter(OncePerRequestFilter.java:116)
	at org.apache.catalina.core.ApplicationFilterChain.internalDoFilter(ApplicationFilterChain.java:162)
	at org.apache.catalina.core.ApplicationFilterChain.doFilter(ApplicationFilterChain.java:138)
	at org.springframework.web.filter.ServerHttpObservationFilter.doFilterInternal(ServerHttpObservationFilter.java:110)
	at org.springframework.web.filter.OncePerRequestFilter.doFilter(OncePerRequestFilter.java:116)
	at org.apache.catalina.core.ApplicationFilterChain.internalDoFilter(ApplicationFilterChain.java:162)
	at org.apache.catalina.core.ApplicationFilterChain.doFilter(ApplicationFilterChain.java:138)
	at org.springframework.web.filter.CharacterEncodingFilter.doFilterInternal(CharacterEncodingFilter.java:201)
	at org.springframework.web.filter.OncePerRequestFilter.doFilter(OncePerRequestFilter.java:116)
	at org.apache.catalina.core.ApplicationFilterChain.internalDoFilter(ApplicationFilterChain.java:162)
	at org.apache.catalina.core.ApplicationFilterChain.doFilter(ApplicationFilterChain.java:138)
	at org.apache.catalina.core.StandardWrapperValve.invoke(StandardWrapperValve.java:165)
	at org.apache.catalina.core.StandardContextValve.invoke(StandardContextValve.java:88)
	at org.apache.catalina.authenticator.AuthenticatorBase.invoke(AuthenticatorBase.java:482)
	at org.apache.catalina.core.StandardHostValve.invoke(StandardHostValve.java:113)
	at org.apache.catalina.valves.ErrorReportValve.invoke(ErrorReportValve.java:83)
	at org.apache.catalina.core.StandardEngineValve.invoke(StandardEngineValve.java:72)
	at org.apache.catalina.connector.CoyoteAdapter.service(CoyoteAdapter.java:342)
	at org.apache.coyote.http11.Http11Processor.service(Http11Processor.java:399)
	at org.apache.coyote.AbstractProcessorLight.process(AbstractProcessorLight.java:63)
	at org.apache.coyote.AbstractProtocol$ConnectionHandler.process(AbstractProtocol.java:903)
	at org.apache.tomcat.util.net.NioEndpoint$SocketProcessor.doRun(NioEndpoint.java:1774)
	at org.apache.tomcat.util.net.SocketProcessorBase.run(SocketProcessorBase.java:52)
	at org.apache.tomcat.util.threads.ThreadPoolExecutor.runWorker(ThreadPoolExecutor.java:973)
	at org.apache.tomcat.util.threads.ThreadPoolExecutor$Worker.run(ThreadPoolExecutor.java:491)
	at org.apache.tomcat.util.threads.TaskThread$WrappingRunnable.run(TaskThread.java:63)
	at java.base/java.lang.Thread.run(Thread.java:840)
Caused by: java.sql.SQLIntegrityConstraintViolationException: Duplicate entry 'JavaEE就业163期' for key 'clazz.name'
	at com.mysql.cj.jdbc.exceptions.SQLError.createSQLException(SQLError.java:109)
	at com.mysql.cj.jdbc.exceptions.SQLExceptionsMapping.translateException(SQLExceptionsMapping.java:114)
	at com.mysql.cj.jdbc.ClientPreparedStatement.executeInternal(ClientPreparedStatement.java:988)
	at com.mysql.cj.jdbc.ClientPreparedStatement.execute(ClientPreparedStatement.java:383)
	at com.zaxxer.hikari.pool.ProxyPreparedStatement.execute(ProxyPreparedStatement.java:44)
	at com.zaxxer.hikari.pool.HikariProxyPreparedStatement.execute(HikariProxyPreparedStatement.java)
	at jdk.internal.reflect.GeneratedMethodAccessor87.invoke(Unknown Source)
	at java.base/jdk.internal.reflect.DelegatingMethodAccessorImpl.invoke(DelegatingMethodAccessorImpl.java:43)
	at java.base/java.lang.reflect.Method.invoke(Method.java:569)
	at org.apache.ibatis.logging.jdbc.PreparedStatementLogger.invoke(PreparedStatementLogger.java:58)
	at jdk.proxy3/jdk.proxy3.$Proxy133.execute(Unknown Source)
	at org.apache.ibatis.executor.statement.PreparedStatementHandler.update(PreparedStatementHandler.java:48)
	at org.apache.ibatis.executor.statement.RoutingStatementHandler.update(RoutingStatementHandler.java:75)
	at org.apache.ibatis.executor.SimpleExecutor.doUpdate(SimpleExecutor.java:50)
	at org.apache.ibatis.executor.BaseExecutor.update(BaseExecutor.java:117)
	at org.apache.ibatis.executor.CachingExecutor.update(CachingExecutor.java:76)
	at java.base/jdk.internal.reflect.NativeMethodAccessorImpl.invoke0(Native Method)
	at java.base/jdk.internal.reflect.NativeMethodAccessorImpl.invoke(NativeMethodAccessorImpl.java:77)
	at java.base/jdk.internal.reflect.DelegatingMethodAccessorImpl.invoke(DelegatingMethodAccessorImpl.java:43)
	at java.base/java.lang.reflect.Method.invoke(Method.java:569)
	at org.apache.ibatis.plugin.Plugin.invoke(Plugin.java:61)
	at jdk.proxy2/jdk.proxy2.$Proxy132.update(Unknown Source)
	at org.apache.ibatis.session.defaults.DefaultSqlSession.update(DefaultSqlSession.java:197)
	at org.apache.ibatis.session.defaults.DefaultSqlSession.insert(DefaultSqlSession.java:184)
	at java.base/jdk.internal.reflect.NativeMethodAccessorImpl.invoke0(Native Method)
	at java.base/jdk.internal.reflect.NativeMethodAccessorImpl.invoke(NativeMethodAccessorImpl.java:77)
	at java.base/jdk.internal.reflect.DelegatingMethodAccessorImpl.invoke(DelegatingMethodAccessorImpl.java:43)
	at java.base/java.lang.reflect.Method.invoke(Method.java:569)
	at org.mybatis.spring.SqlSessionTemplate$SqlSessionInterceptor.invoke(SqlSessionTemplate.java:333)
	... 62 common frames omitted
2025-11-16 21:21:39.677 [http-nio-8080-exec-8] ERROR com.itheima.exception.GlobalExceptionHandler-程序出错: 
org.springframework.dao.DuplicateKeyException: 
### Error updating database.  Cause: java.sql.SQLIntegrityConstraintViolationException: Duplicate entry 'JavaEE就业163期' for key 'clazz.name'
### The error may exist in com/itheima/mapper/ClazzMapper.xml
### The error may involve defaultParameterMap
### The error occurred while setting parameters
### SQL: insert into clazz(name, room, begin_date, end_date, master_id, subject, create_time, update_time)         values (?, ?, ?, ?, ?, ?, ?, ?)
### Cause: java.sql.SQLIntegrityConstraintViolationException: Duplicate entry 'JavaEE就业163期' for key 'clazz.name'
; Duplicate entry 'JavaEE就业163期' for key 'clazz.name'
	at org.springframework.jdbc.support.SQLErrorCodeSQLExceptionTranslator.doTranslate(SQLErrorCodeSQLExceptionTranslator.java:254)
	at org.springframework.jdbc.support.AbstractFallbackSQLExceptionTranslator.translate(AbstractFallbackSQLExceptionTranslator.java:107)
	at org.mybatis.spring.MyBatisExceptionTranslator.translateExceptionIfPossible(MyBatisExceptionTranslator.java:95)
	at org.mybatis.spring.SqlSessionTemplate$SqlSessionInterceptor.invoke(SqlSessionTemplate.java:347)
	at jdk.proxy2/jdk.proxy2.$Proxy87.insert(Unknown Source)
	at org.mybatis.spring.SqlSessionTemplate.insert(SqlSessionTemplate.java:224)
	at org.apache.ibatis.binding.MapperMethod.execute(MapperMethod.java:62)
	at org.apache.ibatis.binding.MapperProxy$PlainMethodInvoker.invoke(MapperProxy.java:141)
	at org.apache.ibatis.binding.MapperProxy.invoke(MapperProxy.java:86)
	at jdk.proxy2/jdk.proxy2.$Proxy94.insert(Unknown Source)
	at com.itheima.service.impl.ClazzServiceImpl.save(ClazzServiceImpl.java:55)
	at com.itheima.controller.ClazzController.save(ClazzController.java:33)
	at java.base/jdk.internal.reflect.NativeMethodAccessorImpl.invoke0(Native Method)
	at java.base/jdk.internal.reflect.NativeMethodAccessorImpl.invoke(NativeMethodAccessorImpl.java:77)
	at java.base/jdk.internal.reflect.DelegatingMethodAccessorImpl.invoke(DelegatingMethodAccessorImpl.java:43)
	at java.base/java.lang.reflect.Method.invoke(Method.java:569)
	at org.springframework.web.method.support.InvocableHandlerMethod.doInvoke(InvocableHandlerMethod.java:258)
	at org.springframework.web.method.support.InvocableHandlerMethod.invokeForRequest(InvocableHandlerMethod.java:191)
	at org.springframework.web.servlet.mvc.method.annotation.ServletInvocableHandlerMethod.invokeAndHandle(ServletInvocableHandlerMethod.java:118)
	at org.springframework.web.servlet.mvc.method.annotation.RequestMappingHandlerAdapter.invokeHandlerMethod(RequestMappingHandlerAdapter.java:991)
	at org.springframework.web.servlet.mvc.method.annotation.RequestMappingHandlerAdapter.handleInternal(RequestMappingHandlerAdapter.java:896)
	at org.springframework.web.servlet.mvc.method.AbstractHandlerMethodAdapter.handle(AbstractHandlerMethodAdapter.java:87)
	at org.springframework.web.servlet.DispatcherServlet.doDispatch(DispatcherServlet.java:1089)
	at org.springframework.web.servlet.DispatcherServlet.doService(DispatcherServlet.java:979)
	at org.springframework.web.servlet.FrameworkServlet.processRequest(FrameworkServlet.java:1014)
	at org.springframework.web.servlet.FrameworkServlet.doPost(FrameworkServlet.java:914)
	at jakarta.servlet.http.HttpServlet.service(HttpServlet.java:590)
	at org.springframework.web.servlet.FrameworkServlet.service(FrameworkServlet.java:885)
	at jakarta.servlet.http.HttpServlet.service(HttpServlet.java:658)
	at org.apache.catalina.core.ApplicationFilterChain.internalDoFilter(ApplicationFilterChain.java:193)
	at org.apache.catalina.core.ApplicationFilterChain.doFilter(ApplicationFilterChain.java:138)
	at org.apache.tomcat.websocket.server.WsFilter.doFilter(WsFilter.java:51)
	at org.apache.catalina.core.ApplicationFilterChain.internalDoFilter(ApplicationFilterChain.java:162)
	at org.apache.catalina.core.ApplicationFilterChain.doFilter(ApplicationFilterChain.java:138)
	at org.springframework.web.filter.RequestContextFilter.doFilterInternal(RequestContextFilter.java:100)
	at org.springframework.web.filter.OncePerRequestFilter.doFilter(OncePerRequestFilter.java:116)
	at org.apache.catalina.core.ApplicationFilterChain.internalDoFilter(ApplicationFilterChain.java:162)
	at org.apache.catalina.core.ApplicationFilterChain.doFilter(ApplicationFilterChain.java:138)
	at org.springframework.web.filter.FormContentFilter.doFilterInternal(FormContentFilter.java:93)
	at org.springframework.web.filter.OncePerRequestFilter.doFilter(OncePerRequestFilter.java:116)
	at org.apache.catalina.core.ApplicationFilterChain.internalDoFilter(ApplicationFilterChain.java:162)
	at org.apache.catalina.core.ApplicationFilterChain.doFilter(ApplicationFilterChain.java:138)
	at org.springframework.web.filter.ServerHttpObservationFilter.doFilterInternal(ServerHttpObservationFilter.java:110)
	at org.springframework.web.filter.OncePerRequestFilter.doFilter(OncePerRequestFilter.java:116)
	at org.apache.catalina.core.ApplicationFilterChain.internalDoFilter(ApplicationFilterChain.java:162)
	at org.apache.catalina.core.ApplicationFilterChain.doFilter(ApplicationFilterChain.java:138)
	at org.springframework.web.filter.CharacterEncodingFilter.doFilterInternal(CharacterEncodingFilter.java:201)
	at org.springframework.web.filter.OncePerRequestFilter.doFilter(OncePerRequestFilter.java:116)
	at org.apache.catalina.core.ApplicationFilterChain.internalDoFilter(ApplicationFilterChain.java:162)
	at org.apache.catalina.core.ApplicationFilterChain.doFilter(ApplicationFilterChain.java:138)
	at org.apache.catalina.core.StandardWrapperValve.invoke(StandardWrapperValve.java:165)
	at org.apache.catalina.core.StandardContextValve.invoke(StandardContextValve.java:88)
	at org.apache.catalina.authenticator.AuthenticatorBase.invoke(AuthenticatorBase.java:482)
	at org.apache.catalina.core.StandardHostValve.invoke(StandardHostValve.java:113)
	at org.apache.catalina.valves.ErrorReportValve.invoke(ErrorReportValve.java:83)
	at org.apache.catalina.core.StandardEngineValve.invoke(StandardEngineValve.java:72)
	at org.apache.catalina.connector.CoyoteAdapter.service(CoyoteAdapter.java:342)
	at org.apache.coyote.http11.Http11Processor.service(Http11Processor.java:399)
	at org.apache.coyote.AbstractProcessorLight.process(AbstractProcessorLight.java:63)
	at org.apache.coyote.AbstractProtocol$ConnectionHandler.process(AbstractProtocol.java:903)
	at org.apache.tomcat.util.net.NioEndpoint$SocketProcessor.doRun(NioEndpoint.java:1774)
	at org.apache.tomcat.util.net.SocketProcessorBase.run(SocketProcessorBase.java:52)
	at org.apache.tomcat.util.threads.ThreadPoolExecutor.runWorker(ThreadPoolExecutor.java:973)
	at org.apache.tomcat.util.threads.ThreadPoolExecutor$Worker.run(ThreadPoolExecutor.java:491)
	at org.apache.tomcat.util.threads.TaskThread$WrappingRunnable.run(TaskThread.java:63)
	at java.base/java.lang.Thread.run(Thread.java:840)
Caused by: java.sql.SQLIntegrityConstraintViolationException: Duplicate entry 'JavaEE就业163期' for key 'clazz.name'
	at com.mysql.cj.jdbc.exceptions.SQLError.createSQLException(SQLError.java:109)
	at com.mysql.cj.jdbc.exceptions.SQLExceptionsMapping.translateException(SQLExceptionsMapping.java:114)
	at com.mysql.cj.jdbc.ClientPreparedStatement.executeInternal(ClientPreparedStatement.java:988)
	at com.mysql.cj.jdbc.ClientPreparedStatement.execute(ClientPreparedStatement.java:383)
	at com.zaxxer.hikari.pool.ProxyPreparedStatement.execute(ProxyPreparedStatement.java:44)
	at com.zaxxer.hikari.pool.HikariProxyPreparedStatement.execute(HikariProxyPreparedStatement.java)
	at jdk.internal.reflect.GeneratedMethodAccessor87.invoke(Unknown Source)
	at java.base/jdk.internal.reflect.DelegatingMethodAccessorImpl.invoke(DelegatingMethodAccessorImpl.java:43)
	at java.base/java.lang.reflect.Method.invoke(Method.java:569)
	at org.apache.ibatis.logging.jdbc.PreparedStatementLogger.invoke(PreparedStatementLogger.java:58)
	at jdk.proxy3/jdk.proxy3.$Proxy133.execute(Unknown Source)
	at org.apache.ibatis.executor.statement.PreparedStatementHandler.update(PreparedStatementHandler.java:48)
	at org.apache.ibatis.executor.statement.RoutingStatementHandler.update(RoutingStatementHandler.java:75)
	at org.apache.ibatis.executor.SimpleExecutor.doUpdate(SimpleExecutor.java:50)
	at org.apache.ibatis.executor.BaseExecutor.update(BaseExecutor.java:117)
	at org.apache.ibatis.executor.CachingExecutor.update(CachingExecutor.java:76)
	at java.base/jdk.internal.reflect.NativeMethodAccessorImpl.invoke0(Native Method)
	at java.base/jdk.internal.reflect.NativeMethodAccessorImpl.invoke(NativeMethodAccessorImpl.java:77)
	at java.base/jdk.internal.reflect.DelegatingMethodAccessorImpl.invoke(DelegatingMethodAccessorImpl.java:43)
	at java.base/java.lang.reflect.Method.invoke(Method.java:569)
	at org.apache.ibatis.plugin.Plugin.invoke(Plugin.java:61)
	at jdk.proxy2/jdk.proxy2.$Proxy132.update(Unknown Source)
	at org.apache.ibatis.session.defaults.DefaultSqlSession.update(DefaultSqlSession.java:197)
	at org.apache.ibatis.session.defaults.DefaultSqlSession.insert(DefaultSqlSession.java:184)
	at java.base/jdk.internal.reflect.NativeMethodAccessorImpl.invoke0(Native Method)
	at java.base/jdk.internal.reflect.NativeMethodAccessorImpl.invoke(NativeMethodAccessorImpl.java:77)
	at java.base/jdk.internal.reflect.DelegatingMethodAccessorImpl.invoke(DelegatingMethodAccessorImpl.java:43)
	at java.base/java.lang.reflect.Method.invoke(Method.java:569)
	at org.mybatis.spring.SqlSessionTemplate$SqlSessionInterceptor.invoke(SqlSessionTemplate.java:333)
	... 62 common frames omitted
2025-11-16 21:21:39.807 [http-nio-8080-exec-10] ERROR com.itheima.exception.GlobalExceptionHandler-程序出错: 
org.springframework.dao.DuplicateKeyException: 
### Error updating database.  Cause: java.sql.SQLIntegrityConstraintViolationException: Duplicate entry 'JavaEE就业163期' for key 'clazz.name'
### The error may exist in com/itheima/mapper/ClazzMapper.xml
### The error may involve defaultParameterMap
### The error occurred while setting parameters
### SQL: insert into clazz(name, room, begin_date, end_date, master_id, subject, create_time, update_time)         values (?, ?, ?, ?, ?, ?, ?, ?)
### Cause: java.sql.SQLIntegrityConstraintViolationException: Duplicate entry 'JavaEE就业163期' for key 'clazz.name'
; Duplicate entry 'JavaEE就业163期' for key 'clazz.name'
	at org.springframework.jdbc.support.SQLErrorCodeSQLExceptionTranslator.doTranslate(SQLErrorCodeSQLExceptionTranslator.java:254)
	at org.springframework.jdbc.support.AbstractFallbackSQLExceptionTranslator.translate(AbstractFallbackSQLExceptionTranslator.java:107)
	at org.mybatis.spring.MyBatisExceptionTranslator.translateExceptionIfPossible(MyBatisExceptionTranslator.java:95)
	at org.mybatis.spring.SqlSessionTemplate$SqlSessionInterceptor.invoke(SqlSessionTemplate.java:347)
	at jdk.proxy2/jdk.proxy2.$Proxy87.insert(Unknown Source)
	at org.mybatis.spring.SqlSessionTemplate.insert(SqlSessionTemplate.java:224)
	at org.apache.ibatis.binding.MapperMethod.execute(MapperMethod.java:62)
	at org.apache.ibatis.binding.MapperProxy$PlainMethodInvoker.invoke(MapperProxy.java:141)
	at org.apache.ibatis.binding.MapperProxy.invoke(MapperProxy.java:86)
	at jdk.proxy2/jdk.proxy2.$Proxy94.insert(Unknown Source)
	at com.itheima.service.impl.ClazzServiceImpl.save(ClazzServiceImpl.java:55)
	at com.itheima.controller.ClazzController.save(ClazzController.java:33)
	at java.base/jdk.internal.reflect.NativeMethodAccessorImpl.invoke0(Native Method)
	at java.base/jdk.internal.reflect.NativeMethodAccessorImpl.invoke(NativeMethodAccessorImpl.java:77)
	at java.base/jdk.internal.reflect.DelegatingMethodAccessorImpl.invoke(DelegatingMethodAccessorImpl.java:43)
	at java.base/java.lang.reflect.Method.invoke(Method.java:569)
	at org.springframework.web.method.support.InvocableHandlerMethod.doInvoke(InvocableHandlerMethod.java:258)
	at org.springframework.web.method.support.InvocableHandlerMethod.invokeForRequest(InvocableHandlerMethod.java:191)
	at org.springframework.web.servlet.mvc.method.annotation.ServletInvocableHandlerMethod.invokeAndHandle(ServletInvocableHandlerMethod.java:118)
	at org.springframework.web.servlet.mvc.method.annotation.RequestMappingHandlerAdapter.invokeHandlerMethod(RequestMappingHandlerAdapter.java:991)
	at org.springframework.web.servlet.mvc.method.annotation.RequestMappingHandlerAdapter.handleInternal(RequestMappingHandlerAdapter.java:896)
	at org.springframework.web.servlet.mvc.method.AbstractHandlerMethodAdapter.handle(AbstractHandlerMethodAdapter.java:87)
	at org.springframework.web.servlet.DispatcherServlet.doDispatch(DispatcherServlet.java:1089)
	at org.springframework.web.servlet.DispatcherServlet.doService(DispatcherServlet.java:979)
	at org.springframework.web.servlet.FrameworkServlet.processRequest(FrameworkServlet.java:1014)
	at org.springframework.web.servlet.FrameworkServlet.doPost(FrameworkServlet.java:914)
	at jakarta.servlet.http.HttpServlet.service(HttpServlet.java:590)
	at org.springframework.web.servlet.FrameworkServlet.service(FrameworkServlet.java:885)
	at jakarta.servlet.http.HttpServlet.service(HttpServlet.java:658)
	at org.apache.catalina.core.ApplicationFilterChain.internalDoFilter(ApplicationFilterChain.java:193)
	at org.apache.catalina.core.ApplicationFilterChain.doFilter(ApplicationFilterChain.java:138)
	at org.apache.tomcat.websocket.server.WsFilter.doFilter(WsFilter.java:51)
	at org.apache.catalina.core.ApplicationFilterChain.internalDoFilter(ApplicationFilterChain.java:162)
	at org.apache.catalina.core.ApplicationFilterChain.doFilter(ApplicationFilterChain.java:138)
	at org.springframework.web.filter.RequestContextFilter.doFilterInternal(RequestContextFilter.java:100)
	at org.springframework.web.filter.OncePerRequestFilter.doFilter(OncePerRequestFilter.java:116)
	at org.apache.catalina.core.ApplicationFilterChain.internalDoFilter(ApplicationFilterChain.java:162)
	at org.apache.catalina.core.ApplicationFilterChain.doFilter(ApplicationFilterChain.java:138)
	at org.springframework.web.filter.FormContentFilter.doFilterInternal(FormContentFilter.java:93)
	at org.springframework.web.filter.OncePerRequestFilter.doFilter(OncePerRequestFilter.java:116)
	at org.apache.catalina.core.ApplicationFilterChain.internalDoFilter(ApplicationFilterChain.java:162)
	at org.apache.catalina.core.ApplicationFilterChain.doFilter(ApplicationFilterChain.java:138)
	at org.springframework.web.filter.ServerHttpObservationFilter.doFilterInternal(ServerHttpObservationFilter.java:110)
	at org.springframework.web.filter.OncePerRequestFilter.doFilter(OncePerRequestFilter.java:116)
	at org.apache.catalina.core.ApplicationFilterChain.internalDoFilter(ApplicationFilterChain.java:162)
	at org.apache.catalina.core.ApplicationFilterChain.doFilter(ApplicationFilterChain.java:138)
	at org.springframework.web.filter.CharacterEncodingFilter.doFilterInternal(CharacterEncodingFilter.java:201)
	at org.springframework.web.filter.OncePerRequestFilter.doFilter(OncePerRequestFilter.java:116)
	at org.apache.catalina.core.ApplicationFilterChain.internalDoFilter(ApplicationFilterChain.java:162)
	at org.apache.catalina.core.ApplicationFilterChain.doFilter(ApplicationFilterChain.java:138)
	at org.apache.catalina.core.StandardWrapperValve.invoke(StandardWrapperValve.java:165)
	at org.apache.catalina.core.StandardContextValve.invoke(StandardContextValve.java:88)
	at org.apache.catalina.authenticator.AuthenticatorBase.invoke(AuthenticatorBase.java:482)
	at org.apache.catalina.core.StandardHostValve.invoke(StandardHostValve.java:113)
	at org.apache.catalina.valves.ErrorReportValve.invoke(ErrorReportValve.java:83)
	at org.apache.catalina.core.StandardEngineValve.invoke(StandardEngineValve.java:72)
	at org.apache.catalina.connector.CoyoteAdapter.service(CoyoteAdapter.java:342)
	at org.apache.coyote.http11.Http11Processor.service(Http11Processor.java:399)
	at org.apache.coyote.AbstractProcessorLight.process(AbstractProcessorLight.java:63)
	at org.apache.coyote.AbstractProtocol$ConnectionHandler.process(AbstractProtocol.java:903)
	at org.apache.tomcat.util.net.NioEndpoint$SocketProcessor.doRun(NioEndpoint.java:1774)
	at org.apache.tomcat.util.net.SocketProcessorBase.run(SocketProcessorBase.java:52)
	at org.apache.tomcat.util.threads.ThreadPoolExecutor.runWorker(ThreadPoolExecutor.java:973)
	at org.apache.tomcat.util.threads.ThreadPoolExecutor$Worker.run(ThreadPoolExecutor.java:491)
	at org.apache.tomcat.util.threads.TaskThread$WrappingRunnable.run(TaskThread.java:63)
	at java.base/java.lang.Thread.run(Thread.java:840)
Caused by: java.sql.SQLIntegrityConstraintViolationException: Duplicate entry 'JavaEE就业163期' for key 'clazz.name'
	at com.mysql.cj.jdbc.exceptions.SQLError.createSQLException(SQLError.java:109)
	at com.mysql.cj.jdbc.exceptions.SQLExceptionsMapping.translateException(SQLExceptionsMapping.java:114)
	at com.mysql.cj.jdbc.ClientPreparedStatement.executeInternal(ClientPreparedStatement.java:988)
	at com.mysql.cj.jdbc.ClientPreparedStatement.execute(ClientPreparedStatement.java:383)
	at com.zaxxer.hikari.pool.ProxyPreparedStatement.execute(ProxyPreparedStatement.java:44)
	at com.zaxxer.hikari.pool.HikariProxyPreparedStatement.execute(HikariProxyPreparedStatement.java)
	at jdk.internal.reflect.GeneratedMethodAccessor87.invoke(Unknown Source)
	at java.base/jdk.internal.reflect.DelegatingMethodAccessorImpl.invoke(DelegatingMethodAccessorImpl.java:43)
	at java.base/java.lang.reflect.Method.invoke(Method.java:569)
	at org.apache.ibatis.logging.jdbc.PreparedStatementLogger.invoke(PreparedStatementLogger.java:58)
	at jdk.proxy3/jdk.proxy3.$Proxy133.execute(Unknown Source)
	at org.apache.ibatis.executor.statement.PreparedStatementHandler.update(PreparedStatementHandler.java:48)
	at org.apache.ibatis.executor.statement.RoutingStatementHandler.update(RoutingStatementHandler.java:75)
	at org.apache.ibatis.executor.SimpleExecutor.doUpdate(SimpleExecutor.java:50)
	at org.apache.ibatis.executor.BaseExecutor.update(BaseExecutor.java:117)
	at org.apache.ibatis.executor.CachingExecutor.update(CachingExecutor.java:76)
	at java.base/jdk.internal.reflect.NativeMethodAccessorImpl.invoke0(Native Method)
	at java.base/jdk.internal.reflect.NativeMethodAccessorImpl.invoke(NativeMethodAccessorImpl.java:77)
	at java.base/jdk.internal.reflect.DelegatingMethodAccessorImpl.invoke(DelegatingMethodAccessorImpl.java:43)
	at java.base/java.lang.reflect.Method.invoke(Method.java:569)
	at org.apache.ibatis.plugin.Plugin.invoke(Plugin.java:61)
	at jdk.proxy2/jdk.proxy2.$Proxy132.update(Unknown Source)
	at org.apache.ibatis.session.defaults.DefaultSqlSession.update(DefaultSqlSession.java:197)
	at org.apache.ibatis.session.defaults.DefaultSqlSession.insert(DefaultSqlSession.java:184)
	at java.base/jdk.internal.reflect.NativeMethodAccessorImpl.invoke0(Native Method)
	at java.base/jdk.internal.reflect.NativeMethodAccessorImpl.invoke(NativeMethodAccessorImpl.java:77)
	at java.base/jdk.internal.reflect.DelegatingMethodAccessorImpl.invoke(DelegatingMethodAccessorImpl.java:43)
	at java.base/java.lang.reflect.Method.invoke(Method.java:569)
	at org.mybatis.spring.SqlSessionTemplate$SqlSessionInterceptor.invoke(SqlSessionTemplate.java:333)
	... 62 common frames omitted
2025-11-16 21:21:39.929 [http-nio-8080-exec-4] ERROR com.itheima.exception.GlobalExceptionHandler-程序出错: 
org.springframework.dao.DuplicateKeyException: 
### Error updating database.  Cause: java.sql.SQLIntegrityConstraintViolationException: Duplicate entry 'JavaEE就业163期' for key 'clazz.name'
### The error may exist in com/itheima/mapper/ClazzMapper.xml
### The error may involve defaultParameterMap
### The error occurred while setting parameters
### SQL: insert into clazz(name, room, begin_date, end_date, master_id, subject, create_time, update_time)         values (?, ?, ?, ?, ?, ?, ?, ?)
### Cause: java.sql.SQLIntegrityConstraintViolationException: Duplicate entry 'JavaEE就业163期' for key 'clazz.name'
; Duplicate entry 'JavaEE就业163期' for key 'clazz.name'
	at org.springframework.jdbc.support.SQLErrorCodeSQLExceptionTranslator.doTranslate(SQLErrorCodeSQLExceptionTranslator.java:254)
	at org.springframework.jdbc.support.AbstractFallbackSQLExceptionTranslator.translate(AbstractFallbackSQLExceptionTranslator.java:107)
	at org.mybatis.spring.MyBatisExceptionTranslator.translateExceptionIfPossible(MyBatisExceptionTranslator.java:95)
	at org.mybatis.spring.SqlSessionTemplate$SqlSessionInterceptor.invoke(SqlSessionTemplate.java:347)
	at jdk.proxy2/jdk.proxy2.$Proxy87.insert(Unknown Source)
	at org.mybatis.spring.SqlSessionTemplate.insert(SqlSessionTemplate.java:224)
	at org.apache.ibatis.binding.MapperMethod.execute(MapperMethod.java:62)
	at org.apache.ibatis.binding.MapperProxy$PlainMethodInvoker.invoke(MapperProxy.java:141)
	at org.apache.ibatis.binding.MapperProxy.invoke(MapperProxy.java:86)
	at jdk.proxy2/jdk.proxy2.$Proxy94.insert(Unknown Source)
	at com.itheima.service.impl.ClazzServiceImpl.save(ClazzServiceImpl.java:55)
	at com.itheima.controller.ClazzController.save(ClazzController.java:33)
	at java.base/jdk.internal.reflect.NativeMethodAccessorImpl.invoke0(Native Method)
	at java.base/jdk.internal.reflect.NativeMethodAccessorImpl.invoke(NativeMethodAccessorImpl.java:77)
	at java.base/jdk.internal.reflect.DelegatingMethodAccessorImpl.invoke(DelegatingMethodAccessorImpl.java:43)
	at java.base/java.lang.reflect.Method.invoke(Method.java:569)
	at org.springframework.web.method.support.InvocableHandlerMethod.doInvoke(InvocableHandlerMethod.java:258)
	at org.springframework.web.method.support.InvocableHandlerMethod.invokeForRequest(InvocableHandlerMethod.java:191)
	at org.springframework.web.servlet.mvc.method.annotation.ServletInvocableHandlerMethod.invokeAndHandle(ServletInvocableHandlerMethod.java:118)
	at org.springframework.web.servlet.mvc.method.annotation.RequestMappingHandlerAdapter.invokeHandlerMethod(RequestMappingHandlerAdapter.java:991)
	at org.springframework.web.servlet.mvc.method.annotation.RequestMappingHandlerAdapter.handleInternal(RequestMappingHandlerAdapter.java:896)
	at org.springframework.web.servlet.mvc.method.AbstractHandlerMethodAdapter.handle(AbstractHandlerMethodAdapter.java:87)
	at org.springframework.web.servlet.DispatcherServlet.doDispatch(DispatcherServlet.java:1089)
	at org.springframework.web.servlet.DispatcherServlet.doService(DispatcherServlet.java:979)
	at org.springframework.web.servlet.FrameworkServlet.processRequest(FrameworkServlet.java:1014)
	at org.springframework.web.servlet.FrameworkServlet.doPost(FrameworkServlet.java:914)
	at jakarta.servlet.http.HttpServlet.service(HttpServlet.java:590)
	at org.springframework.web.servlet.FrameworkServlet.service(FrameworkServlet.java:885)
	at jakarta.servlet.http.HttpServlet.service(HttpServlet.java:658)
	at org.apache.catalina.core.ApplicationFilterChain.internalDoFilter(ApplicationFilterChain.java:193)
	at org.apache.catalina.core.ApplicationFilterChain.doFilter(ApplicationFilterChain.java:138)
	at org.apache.tomcat.websocket.server.WsFilter.doFilter(WsFilter.java:51)
	at org.apache.catalina.core.ApplicationFilterChain.internalDoFilter(ApplicationFilterChain.java:162)
	at org.apache.catalina.core.ApplicationFilterChain.doFilter(ApplicationFilterChain.java:138)
	at org.springframework.web.filter.RequestContextFilter.doFilterInternal(RequestContextFilter.java:100)
	at org.springframework.web.filter.OncePerRequestFilter.doFilter(OncePerRequestFilter.java:116)
	at org.apache.catalina.core.ApplicationFilterChain.internalDoFilter(ApplicationFilterChain.java:162)
	at org.apache.catalina.core.ApplicationFilterChain.doFilter(ApplicationFilterChain.java:138)
	at org.springframework.web.filter.FormContentFilter.doFilterInternal(FormContentFilter.java:93)
	at org.springframework.web.filter.OncePerRequestFilter.doFilter(OncePerRequestFilter.java:116)
	at org.apache.catalina.core.ApplicationFilterChain.internalDoFilter(ApplicationFilterChain.java:162)
	at org.apache.catalina.core.ApplicationFilterChain.doFilter(ApplicationFilterChain.java:138)
	at org.springframework.web.filter.ServerHttpObservationFilter.doFilterInternal(ServerHttpObservationFilter.java:110)
	at org.springframework.web.filter.OncePerRequestFilter.doFilter(OncePerRequestFilter.java:116)
	at org.apache.catalina.core.ApplicationFilterChain.internalDoFilter(ApplicationFilterChain.java:162)
	at org.apache.catalina.core.ApplicationFilterChain.doFilter(ApplicationFilterChain.java:138)
	at org.springframework.web.filter.CharacterEncodingFilter.doFilterInternal(CharacterEncodingFilter.java:201)
	at org.springframework.web.filter.OncePerRequestFilter.doFilter(OncePerRequestFilter.java:116)
	at org.apache.catalina.core.ApplicationFilterChain.internalDoFilter(ApplicationFilterChain.java:162)
	at org.apache.catalina.core.ApplicationFilterChain.doFilter(ApplicationFilterChain.java:138)
	at org.apache.catalina.core.StandardWrapperValve.invoke(StandardWrapperValve.java:165)
	at org.apache.catalina.core.StandardContextValve.invoke(StandardContextValve.java:88)
	at org.apache.catalina.authenticator.AuthenticatorBase.invoke(AuthenticatorBase.java:482)
	at org.apache.catalina.core.StandardHostValve.invoke(StandardHostValve.java:113)
	at org.apache.catalina.valves.ErrorReportValve.invoke(ErrorReportValve.java:83)
	at org.apache.catalina.core.StandardEngineValve.invoke(StandardEngineValve.java:72)
	at org.apache.catalina.connector.CoyoteAdapter.service(CoyoteAdapter.java:342)
	at org.apache.coyote.http11.Http11Processor.service(Http11Processor.java:399)
	at org.apache.coyote.AbstractProcessorLight.process(AbstractProcessorLight.java:63)
	at org.apache.coyote.AbstractProtocol$ConnectionHandler.process(AbstractProtocol.java:903)
	at org.apache.tomcat.util.net.NioEndpoint$SocketProcessor.doRun(NioEndpoint.java:1774)
	at org.apache.tomcat.util.net.SocketProcessorBase.run(SocketProcessorBase.java:52)
	at org.apache.tomcat.util.threads.ThreadPoolExecutor.runWorker(ThreadPoolExecutor.java:973)
	at org.apache.tomcat.util.threads.ThreadPoolExecutor$Worker.run(ThreadPoolExecutor.java:491)
	at org.apache.tomcat.util.threads.TaskThread$WrappingRunnable.run(TaskThread.java:63)
	at java.base/java.lang.Thread.run(Thread.java:840)
Caused by: java.sql.SQLIntegrityConstraintViolationException: Duplicate entry 'JavaEE就业163期' for key 'clazz.name'
	at com.mysql.cj.jdbc.exceptions.SQLError.createSQLException(SQLError.java:109)
	at com.mysql.cj.jdbc.exceptions.SQLExceptionsMapping.translateException(SQLExceptionsMapping.java:114)
	at com.mysql.cj.jdbc.ClientPreparedStatement.executeInternal(ClientPreparedStatement.java:988)
	at com.mysql.cj.jdbc.ClientPreparedStatement.execute(ClientPreparedStatement.java:383)
	at com.zaxxer.hikari.pool.ProxyPreparedStatement.execute(ProxyPreparedStatement.java:44)
	at com.zaxxer.hikari.pool.HikariProxyPreparedStatement.execute(HikariProxyPreparedStatement.java)
	at jdk.internal.reflect.GeneratedMethodAccessor87.invoke(Unknown Source)
	at java.base/jdk.internal.reflect.DelegatingMethodAccessorImpl.invoke(DelegatingMethodAccessorImpl.java:43)
	at java.base/java.lang.reflect.Method.invoke(Method.java:569)
	at org.apache.ibatis.logging.jdbc.PreparedStatementLogger.invoke(PreparedStatementLogger.java:58)
	at jdk.proxy3/jdk.proxy3.$Proxy133.execute(Unknown Source)
	at org.apache.ibatis.executor.statement.PreparedStatementHandler.update(PreparedStatementHandler.java:48)
	at org.apache.ibatis.executor.statement.RoutingStatementHandler.update(RoutingStatementHandler.java:75)
	at org.apache.ibatis.executor.SimpleExecutor.doUpdate(SimpleExecutor.java:50)
	at org.apache.ibatis.executor.BaseExecutor.update(BaseExecutor.java:117)
	at org.apache.ibatis.executor.CachingExecutor.update(CachingExecutor.java:76)
	at java.base/jdk.internal.reflect.NativeMethodAccessorImpl.invoke0(Native Method)
	at java.base/jdk.internal.reflect.NativeMethodAccessorImpl.invoke(NativeMethodAccessorImpl.java:77)
	at java.base/jdk.internal.reflect.DelegatingMethodAccessorImpl.invoke(DelegatingMethodAccessorImpl.java:43)
	at java.base/java.lang.reflect.Method.invoke(Method.java:569)
	at org.apache.ibatis.plugin.Plugin.invoke(Plugin.java:61)
	at jdk.proxy2/jdk.proxy2.$Proxy132.update(Unknown Source)
	at org.apache.ibatis.session.defaults.DefaultSqlSession.update(DefaultSqlSession.java:197)
	at org.apache.ibatis.session.defaults.DefaultSqlSession.insert(DefaultSqlSession.java:184)
	at java.base/jdk.internal.reflect.NativeMethodAccessorImpl.invoke0(Native Method)
	at java.base/jdk.internal.reflect.NativeMethodAccessorImpl.invoke(NativeMethodAccessorImpl.java:77)
	at java.base/jdk.internal.reflect.DelegatingMethodAccessorImpl.invoke(DelegatingMethodAccessorImpl.java:43)
	at java.base/java.lang.reflect.Method.invoke(Method.java:569)
	at org.mybatis.spring.SqlSessionTemplate$SqlSessionInterceptor.invoke(SqlSessionTemplate.java:333)
	... 62 common frames omitted
2025-11-16 21:25:32.177 [http-nio-8080-exec-4] INFO  com.itheima.controller.DeptController-查询全部部门数据
2025-11-16 21:25:32.835 [http-nio-8080-exec-9] INFO  com.itheima.controller.EmpController-分页查询:EmpQueryParam(page=1, pageSize=10, name=, gender=null, begin=null, end=null) 
2025-11-16 21:25:32.837 [http-nio-8080-exec-2] INFO  com.itheima.controller.DeptController-查询全部部门数据
2025-11-16 21:26:26.214 [http-nio-8080-exec-1] INFO  com.itheima.controller.EmpController-分页查询:EmpQueryParam(page=1, pageSize=10, name=, gender=null, begin=null, end=null) 
2025-11-16 21:26:26.215 [http-nio-8080-exec-3] INFO  com.itheima.controller.DeptController-查询全部部门数据
2025-11-16 21:35:19.228 [http-nio-8080-exec-4] INFO  com.itheima.controller.DeptController-查询全部部门数据
2025-11-16 21:35:20.160 [http-nio-8080-exec-2] INFO  com.itheima.controller.DeptController-查询全部部门数据
2025-11-16 21:35:20.160 [http-nio-8080-exec-9] INFO  com.itheima.controller.EmpController-分页查询:EmpQueryParam(page=1, pageSize=10, name=, gender=null, begin=null, end=null) 
2025-11-16 21:35:21.005 [http-nio-8080-exec-1] INFO  com.itheima.controller.EmpController-根据ID查询员工信息：43
2025-11-16 21:43:06.956 [http-nio-8080-exec-6] ERROR com.itheima.exception.GlobalExceptionHandler-程序出错: 
org.springframework.http.converter.HttpMessageNotReadableException: Required request body is missing: public com.itheima.pojo.Result com.itheima.controller.ClazzController.update(com.itheima.pojo.Clazz)
	at org.springframework.web.servlet.mvc.method.annotation.RequestResponseBodyMethodProcessor.readWithMessageConverters(RequestResponseBodyMethodProcessor.java:179)
	at org.springframework.web.servlet.mvc.method.annotation.RequestResponseBodyMethodProcessor.resolveArgument(RequestResponseBodyMethodProcessor.java:150)
	at org.springframework.web.method.support.HandlerMethodArgumentResolverComposite.resolveArgument(HandlerMethodArgumentResolverComposite.java:122)
	at org.springframework.web.method.support.InvocableHandlerMethod.getMethodArgumentValues(InvocableHandlerMethod.java:227)
	at org.springframework.web.method.support.InvocableHandlerMethod.invokeForRequest(InvocableHandlerMethod.java:181)
	at org.springframework.web.servlet.mvc.method.annotation.ServletInvocableHandlerMethod.invokeAndHandle(ServletInvocableHandlerMethod.java:118)
	at org.springframework.web.servlet.mvc.method.annotation.RequestMappingHandlerAdapter.invokeHandlerMethod(RequestMappingHandlerAdapter.java:991)
	at org.springframework.web.servlet.mvc.method.annotation.RequestMappingHandlerAdapter.handleInternal(RequestMappingHandlerAdapter.java:896)
	at org.springframework.web.servlet.mvc.method.AbstractHandlerMethodAdapter.handle(AbstractHandlerMethodAdapter.java:87)
	at org.springframework.web.servlet.DispatcherServlet.doDispatch(DispatcherServlet.java:1089)
	at org.springframework.web.servlet.DispatcherServlet.doService(DispatcherServlet.java:979)
	at org.springframework.web.servlet.FrameworkServlet.processRequest(FrameworkServlet.java:1014)
	at org.springframework.web.servlet.FrameworkServlet.doPut(FrameworkServlet.java:925)
	at jakarta.servlet.http.HttpServlet.service(HttpServlet.java:593)
	at org.springframework.web.servlet.FrameworkServlet.service(FrameworkServlet.java:885)
	at jakarta.servlet.http.HttpServlet.service(HttpServlet.java:658)
	at org.apache.catalina.core.ApplicationFilterChain.internalDoFilter(ApplicationFilterChain.java:193)
	at org.apache.catalina.core.ApplicationFilterChain.doFilter(ApplicationFilterChain.java:138)
	at org.apache.tomcat.websocket.server.WsFilter.doFilter(WsFilter.java:51)
	at org.apache.catalina.core.ApplicationFilterChain.internalDoFilter(ApplicationFilterChain.java:162)
	at org.apache.catalina.core.ApplicationFilterChain.doFilter(ApplicationFilterChain.java:138)
	at org.springframework.web.filter.RequestContextFilter.doFilterInternal(RequestContextFilter.java:100)
	at org.springframework.web.filter.OncePerRequestFilter.doFilter(OncePerRequestFilter.java:116)
	at org.apache.catalina.core.ApplicationFilterChain.internalDoFilter(ApplicationFilterChain.java:162)
	at org.apache.catalina.core.ApplicationFilterChain.doFilter(ApplicationFilterChain.java:138)
	at org.springframework.web.filter.FormContentFilter.doFilterInternal(FormContentFilter.java:93)
	at org.springframework.web.filter.OncePerRequestFilter.doFilter(OncePerRequestFilter.java:116)
	at org.apache.catalina.core.ApplicationFilterChain.internalDoFilter(ApplicationFilterChain.java:162)
	at org.apache.catalina.core.ApplicationFilterChain.doFilter(ApplicationFilterChain.java:138)
	at org.springframework.web.filter.ServerHttpObservationFilter.doFilterInternal(ServerHttpObservationFilter.java:110)
	at org.springframework.web.filter.OncePerRequestFilter.doFilter(OncePerRequestFilter.java:116)
	at org.apache.catalina.core.ApplicationFilterChain.internalDoFilter(ApplicationFilterChain.java:162)
	at org.apache.catalina.core.ApplicationFilterChain.doFilter(ApplicationFilterChain.java:138)
	at org.springframework.web.filter.CharacterEncodingFilter.doFilterInternal(CharacterEncodingFilter.java:201)
	at org.springframework.web.filter.OncePerRequestFilter.doFilter(OncePerRequestFilter.java:116)
	at org.apache.catalina.core.ApplicationFilterChain.internalDoFilter(ApplicationFilterChain.java:162)
	at org.apache.catalina.core.ApplicationFilterChain.doFilter(ApplicationFilterChain.java:138)
	at org.apache.catalina.core.StandardWrapperValve.invoke(StandardWrapperValve.java:165)
	at org.apache.catalina.core.StandardContextValve.invoke(StandardContextValve.java:88)
	at org.apache.catalina.authenticator.AuthenticatorBase.invoke(AuthenticatorBase.java:482)
	at org.apache.catalina.core.StandardHostValve.invoke(StandardHostValve.java:113)
	at org.apache.catalina.valves.ErrorReportValve.invoke(ErrorReportValve.java:83)
	at org.apache.catalina.core.StandardEngineValve.invoke(StandardEngineValve.java:72)
	at org.apache.catalina.connector.CoyoteAdapter.service(CoyoteAdapter.java:342)
	at org.apache.coyote.http11.Http11Processor.service(Http11Processor.java:399)
	at org.apache.coyote.AbstractProcessorLight.process(AbstractProcessorLight.java:63)
	at org.apache.coyote.AbstractProtocol$ConnectionHandler.process(AbstractProtocol.java:903)
	at org.apache.tomcat.util.net.NioEndpoint$SocketProcessor.doRun(NioEndpoint.java:1774)
	at org.apache.tomcat.util.net.SocketProcessorBase.run(SocketProcessorBase.java:52)
	at org.apache.tomcat.util.threads.ThreadPoolExecutor.runWorker(ThreadPoolExecutor.java:973)
	at org.apache.tomcat.util.threads.ThreadPoolExecutor$Worker.run(ThreadPoolExecutor.java:491)
	at org.apache.tomcat.util.threads.TaskThread$WrappingRunnable.run(TaskThread.java:63)
	at java.base/java.lang.Thread.run(Thread.java:840)
2025-11-16 21:53:58.497 [SpringApplicationShutdownHook] INFO  o.s.boot.web.embedded.tomcat.GracefulShutdown-Commencing graceful shutdown. Waiting for active requests to complete
2025-11-16 21:53:58.513 [tomcat-shutdown] INFO  o.s.boot.web.embedded.tomcat.GracefulShutdown-Graceful shutdown complete
2025-11-16 21:53:58.527 [SpringApplicationShutdownHook] INFO  com.zaxxer.hikari.HikariDataSource-HikariPool-1 - Shutdown initiated...
2025-11-16 21:53:58.533 [SpringApplicationShutdownHook] INFO  com.zaxxer.hikari.HikariDataSource-HikariPool-1 - Shutdown completed.
2025-11-16 21:54:02.372 [main] INFO  com.itheima.TliasWebManagementApplication-Starting TliasWebManagementApplication using Java 17.0.17 with PID 2986 (/Users/ykw/Documents/WebApp/IdeaProj/1st-springboot-project/tlias-web-management/target/classes started by ykw in /Users/ykw/Documents/WebApp/IdeaProj/1st-springboot-project)
2025-11-16 21:54:02.373 [main] INFO  com.itheima.TliasWebManagementApplication-No active profile set, falling back to 1 default profile: "default"
2025-11-16 21:54:03.075 [main] INFO  o.s.boot.web.embedded.tomcat.TomcatWebServer-Tomcat initialized with port 8080 (http)
2025-11-16 21:54:03.081 [main] INFO  org.apache.coyote.http11.Http11NioProtocol-Initializing ProtocolHandler ["http-nio-8080"]
2025-11-16 21:54:03.081 [main] INFO  org.apache.catalina.core.StandardService-Starting service [Tomcat]
2025-11-16 21:54:03.081 [main] INFO  org.apache.catalina.core.StandardEngine-Starting Servlet engine: [Apache Tomcat/10.1.48]
2025-11-16 21:54:03.104 [main] INFO  o.a.c.core.ContainerBase.[Tomcat].[localhost].[/]-Initializing Spring embedded WebApplicationContext
2025-11-16 21:54:03.104 [main] INFO  o.s.b.w.s.c.ServletWebServerApplicationContext-Root WebApplicationContext: initialization completed in 707 ms
2025-11-16 21:54:04.027 [main] INFO  o.s.b.actuate.endpoint.web.EndpointLinksResolver-Exposing 1 endpoint beneath base path '/actuator'
2025-11-16 21:54:04.056 [main] INFO  org.apache.coyote.http11.Http11NioProtocol-Starting ProtocolHandler ["http-nio-8080"]
2025-11-16 21:54:04.070 [main] INFO  o.s.boot.web.embedded.tomcat.TomcatWebServer-Tomcat started on port 8080 (http) with context path '/'
2025-11-16 21:54:04.079 [main] INFO  com.itheima.TliasWebManagementApplication-Started TliasWebManagementApplication in 1.924 seconds (process running for 3.654)
2025-11-16 21:54:04.391 [RMI TCP Connection(3)-127.0.0.1] INFO  com.zaxxer.hikari.HikariDataSource-HikariPool-1 - Starting...
2025-11-16 21:54:04.394 [RMI TCP Connection(2)-127.0.0.1] INFO  o.a.c.core.ContainerBase.[Tomcat].[localhost].[/]-Initializing Spring DispatcherServlet 'dispatcherServlet'
2025-11-16 21:54:04.394 [RMI TCP Connection(2)-127.0.0.1] INFO  org.springframework.web.servlet.DispatcherServlet-Initializing Servlet 'dispatcherServlet'
2025-11-16 21:54:04.395 [RMI TCP Connection(2)-127.0.0.1] INFO  org.springframework.web.servlet.DispatcherServlet-Completed initialization in 1 ms
2025-11-16 21:54:04.585 [RMI TCP Connection(3)-127.0.0.1] INFO  com.zaxxer.hikari.pool.HikariPool-HikariPool-1 - Added connection com.mysql.cj.jdbc.ConnectionImpl@5f73fbe4
2025-11-16 21:54:04.586 [RMI TCP Connection(3)-127.0.0.1] INFO  com.zaxxer.hikari.HikariDataSource-HikariPool-1 - Start completed.
2025-11-16 21:54:06.583 [http-nio-8080-exec-1] INFO  com.itheima.intercepter.TokenIntercepter-当前登录员工id：43 已经存储到localthread
2025-11-16 21:54:06.583 [http-nio-8080-exec-2] INFO  com.itheima.intercepter.TokenIntercepter-当前登录员工id：43 已经存储到localthread
2025-11-16 21:54:07.597 [http-nio-8080-exec-3] INFO  com.itheima.intercepter.TokenIntercepter-当前登录员工id：43 已经存储到localthread
2025-11-16 21:54:07.597 [http-nio-8080-exec-4] INFO  com.itheima.intercepter.TokenIntercepter-当前登录员工id：43 已经存储到localthread
2025-11-16 21:54:08.256 [http-nio-8080-exec-5] INFO  com.itheima.intercepter.TokenIntercepter-当前登录员工id：43 已经存储到localthread
2025-11-16 21:54:08.256 [http-nio-8080-exec-6] INFO  com.itheima.intercepter.TokenIntercepter-当前登录员工id：43 已经存储到localthread
2025-11-16 21:54:09.004 [http-nio-8080-exec-8] INFO  com.itheima.intercepter.TokenIntercepter-当前登录员工id：43 已经存储到localthread
2025-11-16 21:54:09.004 [http-nio-8080-exec-7] INFO  com.itheima.intercepter.TokenIntercepter-当前登录员工id：43 已经存储到localthread
2025-11-16 21:54:09.580 [http-nio-8080-exec-10] INFO  com.itheima.intercepter.TokenIntercepter-当前登录员工id：43 已经存储到localthread
2025-11-16 21:54:09.580 [http-nio-8080-exec-9] INFO  com.itheima.intercepter.TokenIntercepter-当前登录员工id：43 已经存储到localthread
2025-11-16 21:54:10.339 [http-nio-8080-exec-1] INFO  com.itheima.intercepter.TokenIntercepter-当前登录员工id：43 已经存储到localthread
2025-11-16 21:54:10.340 [http-nio-8080-exec-2] INFO  com.itheima.intercepter.TokenIntercepter-当前登录员工id：43 已经存储到localthread
2025-11-16 21:54:23.236 [http-nio-8080-exec-3] INFO  com.itheima.intercepter.TokenIntercepter-token不存在 响应401
2025-11-16 21:54:23.236 [http-nio-8080-exec-4] INFO  com.itheima.intercepter.TokenIntercepter-token不存在 响应401
2025-11-16 21:54:31.718 [http-nio-8080-exec-6] INFO  com.itheima.controller.LoginController-登陆：Emp(id=null, username=ykw, password=35JILKoawyYBwpyQ, name=null, gender=null, phone=null, job=null, salary=null, image=null, entryDate=null, deptId=null, createTime=null, updateTime=null, deptName=null, exprList=null)
2025-11-16 21:54:31.735 [http-nio-8080-exec-6] INFO  com.itheima.service.impl.EmpServiceImpl-登陆成功:Emp(id=43, username=ykw, password=null, name=管理员, gender=null, phone=null, job=null, salary=null, image=null, entryDate=null, deptId=null, createTime=null, updateTime=null, deptName=null, exprList=null)
2025-11-16 21:54:33.210 [http-nio-8080-exec-5] INFO  com.itheima.intercepter.TokenIntercepter-当前登录员工id：43 已经存储到localthread
2025-11-16 21:54:33.210 [http-nio-8080-exec-7] INFO  com.itheima.intercepter.TokenIntercepter-当前登录员工id：43 已经存储到localthread
2025-11-16 21:54:34.389 [http-nio-8080-exec-10] INFO  com.itheima.intercepter.TokenIntercepter-当前登录员工id：43 已经存储到localthread
2025-11-16 21:54:34.390 [http-nio-8080-exec-8] INFO  com.itheima.intercepter.TokenIntercepter-当前登录员工id：43 已经存储到localthread
2025-11-16 21:54:35.277 [http-nio-8080-exec-9] INFO  com.itheima.intercepter.TokenIntercepter-当前登录员工id：43 已经存储到localthread
2025-11-16 21:54:35.286 [http-nio-8080-exec-9] INFO  com.itheima.controller.DeptController-查询全部部门数据
2025-11-16 21:54:36.222 [http-nio-8080-exec-1] INFO  com.itheima.intercepter.TokenIntercepter-当前登录员工id：43 已经存储到localthread
2025-11-16 21:54:36.222 [http-nio-8080-exec-2] INFO  com.itheima.intercepter.TokenIntercepter-当前登录员工id：43 已经存储到localthread
2025-11-16 21:54:36.226 [http-nio-8080-exec-1] INFO  com.itheima.controller.EmpController-分页查询:EmpQueryParam(page=1, pageSize=10, name=, gender=null, begin=null, end=null) 
2025-11-16 21:54:36.229 [http-nio-8080-exec-2] INFO  com.itheima.controller.DeptController-查询全部部门数据
2025-11-16 21:54:36.730 [http-nio-8080-exec-4] INFO  com.itheima.intercepter.TokenIntercepter-当前登录员工id：43 已经存储到localthread
2025-11-16 21:54:36.736 [http-nio-8080-exec-4] INFO  com.itheima.controller.DeptController-查询全部部门数据
2025-11-16 21:54:37.307 [http-nio-8080-exec-6] INFO  com.itheima.intercepter.TokenIntercepter-当前登录员工id：43 已经存储到localthread
2025-11-16 21:54:37.307 [http-nio-8080-exec-3] INFO  com.itheima.intercepter.TokenIntercepter-当前登录员工id：43 已经存储到localthread
2025-11-16 21:54:37.311 [http-nio-8080-exec-6] INFO  com.itheima.controller.EmpController-分页查询:EmpQueryParam(page=1, pageSize=10, name=, gender=null, begin=null, end=null) 
2025-11-16 21:54:37.316 [http-nio-8080-exec-3] INFO  com.itheima.controller.DeptController-查询全部部门数据
2025-11-16 21:54:44.217 [http-nio-8080-exec-7] INFO  com.itheima.intercepter.TokenIntercepter-当前登录员工id：43 已经存储到localthread
2025-11-16 21:54:44.217 [http-nio-8080-exec-5] INFO  com.itheima.intercepter.TokenIntercepter-当前登录员工id：43 已经存储到localthread
2025-11-16 21:54:52.105 [http-nio-8080-exec-8] INFO  com.itheima.intercepter.TokenIntercepter-当前登录员工id：43 已经存储到localthread
2025-11-16 21:54:52.135 [http-nio-8080-exec-10] INFO  com.itheima.intercepter.TokenIntercepter-当前登录员工id：43 已经存储到localthread
2025-11-16 21:54:54.645 [http-nio-8080-exec-9] INFO  com.itheima.intercepter.TokenIntercepter-当前登录员工id：43 已经存储到localthread
2025-11-16 21:54:54.670 [http-nio-8080-exec-2] INFO  com.itheima.intercepter.TokenIntercepter-当前登录员工id：43 已经存储到localthread
2025-11-16 21:54:56.355 [http-nio-8080-exec-1] INFO  com.itheima.intercepter.TokenIntercepter-当前登录员工id：43 已经存储到localthread
2025-11-16 21:54:56.355 [http-nio-8080-exec-4] INFO  com.itheima.intercepter.TokenIntercepter-当前登录员工id：43 已经存储到localthread
2025-11-16 21:55:04.262 [http-nio-8080-exec-3] INFO  com.itheima.controller.LoginController-登陆：Emp(id=null, username=ykw, password=35JILKoawyYBwpyQ, name=null, gender=null, phone=null, job=null, salary=null, image=null, entryDate=null, deptId=null, createTime=null, updateTime=null, deptName=null, exprList=null)
2025-11-16 21:55:04.271 [http-nio-8080-exec-3] INFO  com.itheima.service.impl.EmpServiceImpl-登陆成功:Emp(id=43, username=ykw, password=null, name=管理员, gender=null, phone=null, job=null, salary=null, image=null, entryDate=null, deptId=null, createTime=null, updateTime=null, deptName=null, exprList=null)
2025-11-16 21:55:05.348 [http-nio-8080-exec-5] INFO  com.itheima.intercepter.TokenIntercepter-当前登录员工id：43 已经存储到localthread
2025-11-16 21:55:05.348 [http-nio-8080-exec-6] INFO  com.itheima.intercepter.TokenIntercepter-当前登录员工id：43 已经存储到localthread
2025-11-16 21:55:06.272 [http-nio-8080-exec-7] INFO  com.itheima.intercepter.TokenIntercepter-当前登录员工id：43 已经存储到localthread
2025-11-16 21:55:06.272 [http-nio-8080-exec-8] INFO  com.itheima.intercepter.TokenIntercepter-当前登录员工id：43 已经存储到localthread
2025-11-16 21:55:07.862 [http-nio-8080-exec-9] INFO  com.itheima.intercepter.TokenIntercepter-当前登录员工id：43 已经存储到localthread
2025-11-16 21:55:07.862 [http-nio-8080-exec-10] INFO  com.itheima.intercepter.TokenIntercepter-当前登录员工id：43 已经存储到localthread
2025-11-16 21:55:11.038 [http-nio-8080-exec-2] INFO  com.itheima.intercepter.TokenIntercepter-当前登录员工id：43 已经存储到localthread
2025-11-16 21:55:17.793 [http-nio-8080-exec-4] INFO  com.itheima.intercepter.TokenIntercepter-当前登录员工id：43 已经存储到localthread
2025-11-16 21:55:21.525 [http-nio-8080-exec-3] INFO  com.itheima.intercepter.TokenIntercepter-当前登录员工id：43 已经存储到localthread
2025-11-16 21:55:21.525 [http-nio-8080-exec-1] INFO  com.itheima.intercepter.TokenIntercepter-当前登录员工id：43 已经存储到localthread
2025-11-16 21:55:32.474 [http-nio-8080-exec-5] INFO  com.itheima.intercepter.TokenIntercepter-当前登录员工id：43 已经存储到localthread
2025-11-16 21:55:32.474 [http-nio-8080-exec-6] INFO  com.itheima.intercepter.TokenIntercepter-当前登录员工id：43 已经存储到localthread
2025-11-16 21:55:33.099 [http-nio-8080-exec-8] INFO  com.itheima.intercepter.TokenIntercepter-当前登录员工id：43 已经存储到localthread
2025-11-16 21:55:33.099 [http-nio-8080-exec-7] INFO  com.itheima.intercepter.TokenIntercepter-当前登录员工id：43 已经存储到localthread
2025-11-16 21:55:34.725 [http-nio-8080-exec-10] INFO  com.itheima.intercepter.TokenIntercepter-当前登录员工id：43 已经存储到localthread
2025-11-16 21:55:35.690 [http-nio-8080-exec-9] INFO  com.itheima.intercepter.TokenIntercepter-当前登录员工id：43 已经存储到localthread
2025-11-16 21:56:20.414 [http-nio-8080-exec-2] INFO  com.itheima.intercepter.TokenIntercepter-当前登录员工id：43 已经存储到localthread
2025-11-16 21:56:20.431 [http-nio-8080-exec-2] INFO  com.itheima.controller.DeptController-查询全部部门数据
2025-11-16 21:56:20.728 [http-nio-8080-exec-3] INFO  com.itheima.intercepter.TokenIntercepter-当前登录员工id：43 已经存储到localthread
2025-11-16 21:56:20.735 [http-nio-8080-exec-4] INFO  com.itheima.intercepter.TokenIntercepter-当前登录员工id：43 已经存储到localthread
2025-11-16 21:56:20.744 [http-nio-8080-exec-3] INFO  com.itheima.controller.DeptController-查询全部部门数据
2025-11-16 21:56:20.744 [http-nio-8080-exec-4] INFO  com.itheima.controller.EmpController-分页查询:EmpQueryParam(page=1, pageSize=10, name=, gender=null, begin=null, end=null) 
2025-11-16 21:56:21.925 [http-nio-8080-exec-1] INFO  com.itheima.intercepter.TokenIntercepter-当前登录员工id：43 已经存储到localthread
2025-11-16 21:56:21.925 [http-nio-8080-exec-5] INFO  com.itheima.intercepter.TokenIntercepter-当前登录员工id：43 已经存储到localthread
2025-11-16 21:56:22.830 [http-nio-8080-exec-6] INFO  com.itheima.intercepter.TokenIntercepter-当前登录员工id：43 已经存储到localthread
2025-11-16 21:56:22.830 [http-nio-8080-exec-7] INFO  com.itheima.intercepter.TokenIntercepter-当前登录员工id：43 已经存储到localthread
